Workbook
Name A: MonteCarlo02!$J$9:$K$10
Name mu: MonteCarlo02!$J$4:$K$4

Sheet Introduction
B1: پروژه درس مهندسی مالی و مدیریت ریسک
B2: استاد درس: دکتر فلاح‌پور
B4: دانشجو: | C4: محمدرضا شاهی
B7: شاخص مورد بررسی: شاخص بانک‌ها
B9: نیم‌سال اول سال تحصیلی 1405-1404

Sheet Parametric01
A1: تاریخ | B1: شاخص قیمت | C1: بازدهی
A2: 13990631 | B2: 8809
A3: 13990701 | B3: 8640.1 | C3: =LN(B3/B2) -> -0.019359769
A4: 13990702 | B4: 8759.6 | C4: =LN(B4/B3) -> 0.013736085
A5: 13990705 | B5: 8735.8 | C5: =LN(B5/B4) -> -0.0027207168
A6: 13990706 | B6: 8526.7 | C6: =LN(B6/B5) -> -0.024227108
A7: 13990707 | B7: 8158.8 | C7: =LN(B7/B6) -> -0.044105317
A8: 13990708 | B8: 7935.7 | C8: =LN(B8/B7) -> -0.027725532
A9: 13990709 | B9: 7966.4 | C9: =LN(B9/B8) -> 0.0038611301
A10: 13990712 | B10: 8310.6 | C10: =LN(B10/B9) -> 0.042299112
A11: 13990713 | B11: 8390.1 | C11: =LN(B11/B10) -> 0.0095206309
A12: 13990714 | B12: 8365.4 | C12: =LN(B12/B11) -> -0.0029482878
A13: 13990715 | B13: 8718.8 | C13: =LN(B13/B12) -> 0.041377462
A14: 13990716 | B14: 9037.1 | C14: =LN(B14/B13) -> 0.035856713
... A1187: 14040631 | B1187: 14857.7 | C1187: =LN(B1187/B1186) -> 0.022853508

Sheet Parametric02
A1: تاریخ | B1: شاخص قیمت | C1: بازدهی
A2: 13990631 | B2: 8809
A3: 13990701 | B3: 8640.1 | C3: =LN(B3/B2) -> -0.019359769 | E3: میانگین | F3: =AVERAGE(C3:C1187) -> 0.00044113445
A4: 13990702 | B4: 8759.6 | C4: =LN(B4/B3) -> 0.013736085 | E4: انحراف معیار | F4: =_xlfn.STDEV.S(C3:C1187) -> 0.016871784
A5: 13990705 | B5: 8735.8 | C5: =LN(B5/B4) -> -0.0027207168 | E5: چولگی | F5: =SKEW(C3:C1187) -> 0.076772779 | I5: بازه‌ها | J5: فراوانی | K5: درصد فراوانی | L5: توزیع فاصله‌ای نرمال | M5: توزیع تجمعی نرمال
A6: 13990706 | B6: 8526.7 | C6: =LN(B6/B5) -> -0.024227108 | E6: کشیدگی | F6: =KURT(C3:C1187) -> 0.80388875 | I6: -0.065 | J6: 1 | K6: =J6/COUNT($C$3:$C$1187) -> 0.00084388186 | L6: =_xlfn.NORM.DIST(I6,$F$3,$F$4,FALSE)*0.005 -> 6.3948943e-05 | M6: =_xlfn.NORM.DIST(I6,$F$3,$F$4,TRUE) -> 5.2501104e-05
A7: 13990707 | B7: 8158.8 | C7: =LN(B7/B6) -> -0.044105317 | E7: Max | F7: =MAX(C3:C1187) -> 0.054562292 | I7: -0.06 | J7: 0 | K7: =J7/COUNT($C$3:$C$1187) -> 0 | L7: =_xlfn.NORM.DIST(I7,$F$3,$F$4,FALSE)*0.005 -> 0.00019318448 | M7: =_xlfn.NORM.DIST(I7,$F$3,$F$4,TRUE) -> 0.0001702393
A8: 13990708 | B8: 7935.7 | C8: =LN(B8/B7) -> -0.027725532 | E8: Min | F8: =MIN(C3:C1187) -> -0.067718085 | I8: -0.055 | J8: 3 | K8: =J8/COUNT($C$3:$C$1187) -> 0.0025316456 | L8: =_xlfn.NORM.DIST(I8,$F$3,$F$4,FALSE)*0.005 -> 0.00053452647 | M8: =_xlfn.NORM.DIST(I8,$F$3,$F$4,TRUE) -> 0.00050805672
A9: 13990709 | B9: 7966.4 | C9: =LN(B9/B8) -> 0.0038611301 | I9: -0.05 | J9: 2 | K9: =J9/COUNT($C$3:$C$1187) -> 0.0016877637 | L9: =_xlfn.NORM.DIST(I9,$F$3,$F$4,FALSE)*0.005 -> 0.0013546412 | M9: =_xlfn.NORM.DIST(I9,$F$3,$F$4,TRUE) -> 0.0013963766
A10: 13990712 | B10: 8310.6 | C10: =LN(B10/B9) -> 0.042299112 | I10: -0.045 | J10: 2 | K10: =J10/COUNT($C$3:$C$1187) -> 0.0016877637 | L10: =_xlfn.NORM.DIST(I10,$F$3,$F$4,FALSE)*0.005 -> 0.0031443976 | M10: =_xlfn.NORM.DIST(I10,$F$3,$F$4,TRUE) -> 0.0035372034
A11: 13990713 | B11: 8390.1 | C11: =LN(B11/B10) -> 0.0095206309 | I11: -0.04 | J11: 6 | K11: =J11/COUNT($C$3:$C$1187) -> 0.0050632911 | L11: =_xlfn.NORM.DIST(I11,$F$3,$F$4,FALSE)*0.005 -> 0.0066851128 | M11: =_xlfn.NORM.DIST(I11,$F$3,$F$4,TRUE) -> 0.008265673
A12: 13990714 | B12: 8365.4 | C12: =LN(B12/B11) -> -0.0029482878 | I12: -0.035 | J12: 6 | K12: =J12/COUNT($C$3:$C$1187) -> 0.0050632911 | L12: =_xlfn.NORM.DIST(I12,$F$3,$F$4,FALSE)*0.005 -> 0.013017816 | M12: =_xlfn.NORM.DIST(I12,$F$3,$F$4,TRUE) -> 0.017837357
A13: 13990715 | B13: 8718.8 | C13: =LN(B13/B12) -> 0.041377462 | I13: -0.03 | J13: 23 | K13: =J13/COUNT($C$3:$C$1187) -> 0.019409283 | L13: =_xlfn.NORM.DIST(I13,$F$3,$F$4,FALSE)*0.005 -> 0.023218042 | M13: =_xlfn.NORM.DIST(I13,$F$3,$F$4,TRUE) -> 0.035595049
A14: 13990716 | B14: 9037.1 | C14: =LN(B14/B13) -> 0.035856713 | I14: -0.025 | J14: 30 | K14: =J14/COUNT($C$3:$C$1187) -> 0.025316456 | L14: =_xlfn.NORM.DIST(I14,$F$3,$F$4,FALSE)*0.005 -> 0.037928981 | M14: =_xlfn.NORM.DIST(I14,$F$3,$F$4,TRUE) -> 0.065788762
A15: 13990719 | B15: 9242.3 | C15: =LN(B15/B14) -> 0.022452446 | I15: -0.02 | J15: 42 | K15: =J15/COUNT($C$3:$C$1187) -> 0.035443038 | L15: =_xlfn.NORM.DIST(I15,$F$3,$F$4,FALSE)*0.005 -> 0.056751176 | M15: =_xlfn.NORM.DIST(I15,$F$3,$F$4,TRUE) -> 0.11284093
A16: 13990720 | B16: 9677.5 | C16: =LN(B16/B15) -> 0.046012831 | I16: -0.015 | J16: 61 | K16: =J16/COUNT($C$3:$C$1187) -> 0.051476793 | L16: =_xlfn.NORM.DIST(I16,$F$3,$F$4,FALSE)*0.005 -> 0.077774396 | M16: =_xlfn.NORM.DIST(I16,$F$3,$F$4,TRUE) -> 0.18004211
A17: 13990721 | B17: 9450.3 | C17: =LN(B17/B16) -> -0.023757116 | I17: -0.01 | J17: 91 | K17: =J17/COUNT($C$3:$C$1187) -> 0.076793249 | L17: =_xlfn.NORM.DIST(I17,$F$3,$F$4,FALSE)*0.005 -> 0.097623986 | M17: =_xlfn.NORM.DIST(I17,$F$3,$F$4,TRUE) -> 0.26800699
A18: 13990722 | B18: 9303.1 | C18: =LN(B18/B17) -> -0.015698809 | I18: -0.005 | J18: 143 | K18: =J18/COUNT($C$3:$C$1187) -> 0.12067511 | L18: =_xlfn.NORM.DIST(I18,$F$3,$F$4,FALSE)*0.005 -> 0.11223661 | M18: =_xlfn.NORM.DIST(I18,$F$3,$F$4,TRUE) -> 0.37353733
A19: 13990723 | B19: 9101.3 | C19: =LN(B19/B18) -> -0.021930417 | I19: -1.2143064e-17 | J19: 224 | K19: =J19/COUNT($C$3:$C$1187) -> 0.18902954 | L19: =_xlfn.NORM.DIST(I19,$F$3,$F$4,FALSE)*0.005 -> 0.11818725 | M19: =_xlfn.NORM.DIST(I19,$F$3,$F$4,TRUE) -> 0.48957033
A20: 13990727 | B20: 8738.6 | C20: =LN(B20/B19) -> -0.040667267 | I20: 0.005 | J20: 156 | K20: =J20/COUNT($C$3:$C$1187) -> 0.13164557 | L20: =_xlfn.NORM.DIST(I20,$F$3,$F$4,FALSE)*0.005 -> 0.11398949 | M20: =_xlfn.NORM.DIST(I20,$F$3,$F$4,TRUE) -> 0.6064993
... A30: 13990812 | B30: 7300.5 | C30: =LN(B30/B29) -> -0.0081714401 | I30: 0.055 | J30: 4 | K30: =J30/COUNT($C$3:$C$1187) -> 0.0033755274 | L30: =_xlfn.NORM.DIST(I30,$F$3,$F$4,FALSE)*0.005 -> 0.00063387309 | M30: =_xlfn.NORM.DIST(I30,$F$3,$F$4,TRUE) -> 0.99938908
A31: 13990814 | B31: 7353.6 | C31: =LN(B31/B30) -> 0.0072471503 | K31: =SUM(K6:K30) -> 1 | L31: =SUM(L6:L30) -> 0.9996294
A32: 13990817 | B32: 7191.6 | C32: =LN(B32/B31) -> -0.022276311
A33: 13990818 | B33: 6975.4 | C33: =LN(B33/B32) -> -0.030524005
A34: 13990819 | B34: 6769.1 | C34: =LN(B34/B33) -> -0.030021535
A35: 13990820 | B35: 6707.4 | C35: =LN(B35/B34) -> -0.0091567441
A36: 13990821 | B36: 6729.8 | C36: =LN(B36/B35) -> 0.003334031
A37: 13990824 | B37: 6975.6 | C37: =LN(B37/B36) -> 0.03587292
A38: 13990825 | B38: 7146.4 | C38: =LN(B38/B37) -> 0.024190388
A39: 13990826 | B39: 7348 | C39: =LN(B39/B38) -> 0.027819434
A40: 13990827 | B40: 7599.1 | C40: =LN(B40/B39) -> 0.033601652
A41: 13990828 | B41: 7881.3 | C41: =LN(B41/B40) -> 0.036463046
A42: 13990901 | B42: 8038 | C42: =LN(B42/B41) -> 0.019687431
A43: 13990902 | B43: 8028.2 | C43: =LN(B43/B42) -> -0.0012199526
... A1187: 14040631 | B1187: 14857.7 | C1187: =LN(B1187/B1186) -> 0.022853508

Sheet Parametric03
A1: تاریخ | B1: شاخص قیمت | C1: بازدهی | D1: Lag | E1: خودهمبستگی بازدهی
A2: 13990631 | B2: 8809 | D2: 1 | E2: =CORREL($C$3:$C$1188,C4:C1189) -> 0.30625196
A3: 13990701 | B3: 8640.1 | C3: =LN(B3/B2) -> -0.019359769 | D3: 2 | E3: =CORREL($C$3:$C$1188,C5:C1190) -> 0.035229429
A4: 13990702 | B4: 8759.6 | C4: =LN(B4/B3) -> 0.013736085 | D4: 3 | E4: =CORREL($C$3:$C$1188,C6:C1191) -> 0.085737916
A5: 13990705 | B5: 8735.8 | C5: =LN(B5/B4) -> -0.0027207168 | D5: 4 | E5: =CORREL($C$3:$C$1188,C7:C1192) -> 0.030948014
A6: 13990706 | B6: 8526.7 | C6: =LN(B6/B5) -> -0.024227108 | D6: 5 | E6: =CORREL($C$3:$C$1188,C8:C1193) -> -0.0053634237
A7: 13990707 | B7: 8158.8 | C7: =LN(B7/B6) -> -0.044105317 | D7: 6 | E7: =CORREL($C$3:$C$1188,C9:C1194) -> -0.0038040371
A8: 13990708 | B8: 7935.7 | C8: =LN(B8/B7) -> -0.027725532 | D8: 7 | E8: =CORREL($C$3:$C$1188,C10:C1195) -> 0.03052721
A9: 13990709 | B9: 7966.4 | C9: =LN(B9/B8) -> 0.0038611301 | D9: 8 | E9: =CORREL($C$3:$C$1188,C11:C1196) -> -0.014343245
A10: 13990712 | B10: 8310.6 | C10: =LN(B10/B9) -> 0.042299112 | D10: 9 | E10: =CORREL($C$3:$C$1188,C12:C1197) -> -0.027340231
A11: 13990713 | B11: 8390.1 | C11: =LN(B11/B10) -> 0.0095206309 | D11: 10 | E11: =CORREL($C$3:$C$1188,C13:C1198) -> 0.0025970137
A12: 13990714 | B12: 8365.4 | C12: =LN(B12/B11) -> -0.0029482878 | D12: 11 | E12: =CORREL($C$3:$C$1188,C14:C1199) -> -0.021189507
A13: 13990715 | B13: 8718.8 | C13: =LN(B13/B12) -> 0.041377462 | D13: 12 | E13: =CORREL($C$3:$C$1188,C15:C1200) -> -0.0024829302
A14: 13990716 | B14: 9037.1 | C14: =LN(B14/B13) -> 0.035856713 | D14: 13 | E14: =CORREL($C$3:$C$1188,C16:C1201) -> 0.041306435
... A101: 13991126 | B101: 7471.3 | C101: =LN(B101/B100) -> -0.0096570204 | D101: 100 | E101: =CORREL($C$3:$C$1188,C103:C1288) -> -0.01845716
A102: 13991127 | B102: 7399 | C102: =LN(B102/B101) -> -0.0097241575
A103: 13991128 | B103: 7300.4 | C103: =LN(B103/B102) -> -0.013415715
A104: 13991129 | B104: 7261.6 | C104: =LN(B104/B103) -> -0.0053289509
A105: 13991202 | B105: 7230.8 | C105: =LN(B105/B104) -> -0.0042505101
A106: 13991203 | B106: 7191.7 | C106: =LN(B106/B105) -> -0.0054220968
A107: 13991204 | B107: 7148 | C107: =LN(B107/B106) -> -0.006094986
A108: 13991205 | B108: 7070.6 | C108: =LN(B108/B107) -> -0.010887255
A109: 13991206 | B109: 6984.9 | C109: =LN(B109/B108) -> -0.012194666
A110: 13991209 | B110: 6882.8 | C110: =LN(B110/B109) -> -0.01472513
A111: 13991210 | B111: 6850.2 | C111: =LN(B111/B110) -> -0.004747697
A112: 13991211 | B112: 6795 | C112: =LN(B112/B111) -> -0.0080908013
A113: 13991212 | B113: 6764.5 | C113: =LN(B113/B112) -> -0.0044986985
... A1187: 14040631 | B1187: 14857.7 | C1187: =LN(B1187/B1186) -> 0.022853508

Sheet Parametric04
A1: تاریخ | B1: شاخص قیمت | C1: بازدهی | D1: مجذور بازدهی | E1: Lag | F1: خودهمبستگی مجذور بازدهی
A2: 13990631 | B2: 8809 | E2: 1 | F2: =CORREL($D$3:$D$1187,D4:D1188) -> 0.21902999
A3: 13990701 | B3: 8640.1 | C3: =LN(B3/B2) -> -0.019359769 | D3: =C3^2 -> 0.00037480067 | E3: 2 | F3: =CORREL($D$3:$D$1187,D5:D1189) -> 0.17285265
A4: 13990702 | B4: 8759.6 | C4: =LN(B4/B3) -> 0.013736085 | D4: =C4^2 -> 0.00018868003 | E4: 3 | F4: =CORREL($D$3:$D$1187,D6:D1190) -> 0.18368901
A5: 13990705 | B5: 8735.8 | C5: =LN(B5/B4) -> -0.0027207168 | D5: =C5^2 -> 7.4023001e-06 | E5: 4 | F5: =CORREL($D$3:$D$1187,D7:D1191) -> 0.13800287
A6: 13990706 | B6: 8526.7 | C6: =LN(B6/B5) -> -0.024227108 | D6: =C6^2 -> 0.00058695277 | E6: 5 | F6: =CORREL($D$3:$D$1187,D8:D1192) -> 0.15985483
A7: 13990707 | B7: 8158.8 | C7: =LN(B7/B6) -> -0.044105317 | D7: =C7^2 -> 0.001945279 | E7: 6 | F7: =CORREL($D$3:$D$1187,D9:D1193) -> 0.16889442
A8: 13990708 | B8: 7935.7 | C8: =LN(B8/B7) -> -0.027725532 | D8: =C8^2 -> 0.00076870515 | E8: 7 | F8: =CORREL($D$3:$D$1187,D10:D1194) -> 0.096185724
A9: 13990709 | B9: 7966.4 | C9: =LN(B9/B8) -> 0.0038611301 | D9: =C9^2 -> 1.4908325e-05 | E9: 8 | F9: =CORREL($D$3:$D$1187,D11:D1195) -> 0.10321363
A10: 13990712 | B10: 8310.6 | C10: =LN(B10/B9) -> 0.042299112 | D10: =C10^2 -> 0.0017892148 | E10: 9 | F10: =CORREL($D$3:$D$1187,D12:D1196) -> 0.14122522
A11: 13990713 | B11: 8390.1 | C11: =LN(B11/B10) -> 0.0095206309 | D11: =C11^2 -> 9.0642413e-05 | E11: 10 | F11: =CORREL($D$3:$D$1187,D13:D1197) -> 0.088595432
A12: 13990714 | B12: 8365.4 | C12: =LN(B12/B11) -> -0.0029482878 | D12: =C12^2 -> 8.6924008e-06 | E12: 11 | F12: =CORREL($D$3:$D$1187,D14:D1198) -> 0.13967438
A13: 13990715 | B13: 8718.8 | C13: =LN(B13/B12) -> 0.041377462 | D13: =C13^2 -> 0.0017120944 | E13: 12 | F13: =CORREL($D$3:$D$1187,D15:D1199) -> 0.08654713
A14: 13990716 | B14: 9037.1 | C14: =LN(B14/B13) -> 0.035856713 | D14: =C14^2 -> 0.0012857038 | E14: 13 | F14: =CORREL($D$3:$D$1187,D16:D1200) -> 0.10066652
... A101: 13991126 | B101: 7471.3 | C101: =LN(B101/B100) -> -0.0096570204 | D101: =C101^2 -> 9.3258043e-05 | E101: 100 | F101: =CORREL($D$3:$D$1187,D103:D1287) -> -0.047492217
A102: 13991127 | B102: 7399 | C102: =LN(B102/B101) -> -0.0097241575 | D102: =C102^2 -> 9.4559239e-05
A103: 13991128 | B103: 7300.4 | C103: =LN(B103/B102) -> -0.013415715 | D103: =C103^2 -> 0.0001799814
A104: 13991129 | B104: 7261.6 | C104: =LN(B104/B103) -> -0.0053289509 | D104: =C104^2 -> 2.8397718e-05
A105: 13991202 | B105: 7230.8 | C105: =LN(B105/B104) -> -0.0042505101 | D105: =C105^2 -> 1.8066836e-05
A106: 13991203 | B106: 7191.7 | C106: =LN(B106/B105) -> -0.0054220968 | D106: =C106^2 -> 2.9399134e-05
A107: 13991204 | B107: 7148 | C107: =LN(B107/B106) -> -0.006094986 | D107: =C107^2 -> 3.7148854e-05
A108: 13991205 | B108: 7070.6 | C108: =LN(B108/B107) -> -0.010887255 | D108: =C108^2 -> 0.00011853233
A109: 13991206 | B109: 6984.9 | C109: =LN(B109/B108) -> -0.012194666 | D109: =C109^2 -> 0.00014870987
A110: 13991209 | B110: 6882.8 | C110: =LN(B110/B109) -> -0.01472513 | D110: =C110^2 -> 0.00021682946
A111: 13991210 | B111: 6850.2 | C111: =LN(B111/B110) -> -0.004747697 | D111: =C111^2 -> 2.2540627e-05
A112: 13991211 | B112: 6795 | C112: =LN(B112/B111) -> -0.0080908013 | D112: =C112^2 -> 6.5461066e-05
A113: 13991212 | B113: 6764.5 | C113: =LN(B113/B112) -> -0.0044986985 | D113: =C113^2 -> 2.0238289e-05
... A1187: 14040631 | B1187: 14857.7 | C1187: =LN(B1187/B1186) -> 0.022853508 | D1187: =C1187^2 -> 0.00052228285

Sheet Parametric05
A1: تاریخ | B1: شاخص قیمت | C1: بازدهی 1 | D1: بازدهی 5 | E1: بازدهی 10 | F1: بازدهی 15
A2: 13990631 | B2: 8809 | I2: بازدهی 1 | J2: بازدهی 5 | K2: بازدهی 10 | L2: بازدهی 15
A3: 13990701 | B3: 8640.1 | C3: =LN(B3/B2) -> -0.019359769 | H3: میانگین | I3: =AVERAGE(C3:C1187) -> 0.00044113445 | J3: =AVERAGE(D3:D1187) -> 0.0023618365 | K3: =AVERAGE(E3:E1187) -> 0.0045122846 | L3: =AVERAGE(F3:F1187) -> 0.0070855094
A4: 13990702 | B4: 8759.6 | C4: =LN(B4/B3) -> 0.013736085 | H4: انحراف معیار | I4: =_xlfn.STDEV.S(C3:C1187) -> 0.016871784 | J4: =_xlfn.STDEV.S(D3:D1187) -> 0.049546584 | K4: =_xlfn.STDEV.S(E3:E1187) -> 0.068821691 | L4: =_xlfn.STDEV.S(F3:F1187) -> 0.09172477
A5: 13990705 | B5: 8735.8 | C5: =LN(B5/B4) -> -0.0027207168 | H5: چولگی | I5: =SKEW(C3:C1187) -> 0.076772779 | J5: =SKEW(D3:D1187) -> 0.13888881 | K5: =SKEW(E3:E1187) -> 0.15693851 | L5: =SKEW(F3:F1187) -> 0.37424502
A6: 13990706 | B6: 8526.7 | C6: =LN(B6/B5) -> -0.024227108 | H6: کشیدگی | I6: =KURT(C3:C1187) -> 0.80388875 | J6: =KURT(D3:D1187) -> 1.0952917 | K6: =KURT(E3:E1187) -> -0.098356918 | L6: =KURT(F3:F1187) -> 1.2644491
A7: 13990707 | B7: 8158.8 | C7: =LN(B7/B6) -> -0.044105317 | D7: =LN(B7/B2) -> -0.076676827
A8: 13990708 | B8: 7935.7 | C8: =LN(B8/B7) -> -0.027725532
A9: 13990709 | B9: 7966.4 | C9: =LN(B9/B8) -> 0.0038611301
A10: 13990712 | B10: 8310.6 | C10: =LN(B10/B9) -> 0.042299112
A11: 13990713 | B11: 8390.1 | C11: =LN(B11/B10) -> 0.0095206309
A12: 13990714 | B12: 8365.4 | C12: =LN(B12/B11) -> -0.0029482878 | D12: =LN(B12/B7) -> 0.025007052 | E12: =LN(B12/B2) -> -0.051669775
A13: 13990715 | B13: 8718.8 | C13: =LN(B13/B12) -> 0.041377462
A14: 13990716 | B14: 9037.1 | C14: =LN(B14/B13) -> 0.035856713
A15: 13990719 | B15: 9242.3 | C15: =LN(B15/B14) -> 0.022452446
A16: 13990720 | B16: 9677.5 | C16: =LN(B16/B15) -> 0.046012831
A17: 13990721 | B17: 9450.3 | C17: =LN(B17/B16) -> -0.023757116 | D17: =LN(B17/B12) -> 0.12194234 | F17: =LN(B17/B2) -> 0.070272561
A18: 13990722 | B18: 9303.1 | C18: =LN(B18/B17) -> -0.015698809
A19: 13990723 | B19: 9101.3 | C19: =LN(B19/B18) -> -0.021930417
A20: 13990727 | B20: 8738.6 | C20: =LN(B20/B19) -> -0.040667267
A21: 13990728 | B21: 8376.2 | C21: =LN(B21/B20) -> -0.042355643
A22: 13990729 | B22: 8003.5 | C22: =LN(B22/B21) -> -0.045515405 | D22: =LN(B22/B17) -> -0.16616754 | E22: =LN(B22/B12) -> -0.044225206
A23: 13990730 | B23: 8247.8 | C23: =LN(B23/B22) -> 0.030067552
A24: 13990803 | B24: 7949 | C24: =LN(B24/B23) -> -0.036900364
A25: 13990805 | B25: 7659 | C25: =LN(B25/B24) -> -0.037164708
A26: 13990806 | B26: 7459.5 | C26: =LN(B26/B25) -> -0.026393039
A27: 13990807 | B27: 7307.3 | C27: =LN(B27/B26) -> -0.020614539 | D27: =LN(B27/B22) -> -0.091005098
A28: 13990810 | B28: 7538.9 | C28: =LN(B28/B27) -> 0.031202434
A29: 13990811 | B29: 7360.4 | C29: =LN(B29/B28) -> -0.023962004
A30: 13990812 | B30: 7300.5 | C30: =LN(B30/B29) -> -0.0081714401
A31: 13990814 | B31: 7353.6 | C31: =LN(B31/B30) -> 0.0072471503
A32: 13990817 | B32: 7191.6 | C32: =LN(B32/B31) -> -0.022276311 | D32: =LN(B32/B27) -> -0.01596017 | E32: =LN(B32/B22) -> -0.10696527 | F32: =LN(B32/B17) -> -0.27313281
A33: 13990818 | B33: 6975.4 | C33: =LN(B33/B32) -> -0.030524005
A34: 13990819 | B34: 6769.1 | C34: =LN(B34/B33) -> -0.030021535
A35: 13990820 | B35: 6707.4 | C35: =LN(B35/B34) -> -0.0091567441
A36: 13990821 | B36: 6729.8 | C36: =LN(B36/B35) -> 0.003334031
A37: 13990824 | B37: 6975.6 | C37: =LN(B37/B36) -> 0.03587292 | D37: =LN(B37/B32) -> -0.030495333
A38: 13990825 | B38: 7146.4 | C38: =LN(B38/B37) -> 0.024190388
A39: 13990826 | B39: 7348 | C39: =LN(B39/B38) -> 0.027819434
A40: 13990827 | B40: 7599.1 | C40: =LN(B40/B39) -> 0.033601652
A41: 13990828 | B41: 7881.3 | C41: =LN(B41/B40) -> 0.036463046
A42: 13990901 | B42: 8038 | C42: =LN(B42/B41) -> 0.019687431 | D42: =LN(B42/B37) -> 0.14176195 | E42: =LN(B42/B32) -> 0.11126662
A43: 13990902 | B43: 8028.2 | C43: =LN(B43/B42) -> -0.0012199526
A44: 13990903 | B44: 8358.3 | C44: =LN(B44/B43) -> 0.040294714
A45: 13990904 | B45: 8655.8 | C45: =LN(B45/B44) -> 0.034974559
A46: 13990905 | B46: 8887 | C46: =LN(B46/B45) -> 0.026359918
A47: 13990908 | B47: 8867.7 | C47: =LN(B47/B46) -> -0.0021740731 | D47: =LN(B47/B42) -> 0.098235166 | F47: =LN(B47/B32) -> 0.20950178
A48: 13990909 | B48: 8944.4 | C48: =LN(B48/B47) -> 0.0086121764
A49: 13990910 | B49: 9252.5 | C49: =LN(B49/B48) -> 0.033866147
A50: 13990911 | B50: 9260.8 | C50: =LN(B50/B49) -> 0.00089665274
A51: 13990912 | B51: 9157.5 | C51: =LN(B51/B50) -> -0.011217222
A52: 13990915 | B52: 9208.2 | C52: =LN(B52/B51) -> 0.0055211758 | D52: =LN(B52/B47) -> 0.03767893 | E52: =LN(B52/B42) -> 0.1359141
A53: 13990916 | B53: 9183.8 | C53: =LN(B53/B52) -> -0.0026533291
A54: 13990917 | B54: 9294.2 | C54: =LN(B54/B53) -> 0.011949487
A55: 13990918 | B55: 9299.6 | C55: =LN(B55/B54) -> 0.00058083879
A56: 13990919 | B56: 9173.8 | C56: =LN(B56/B55) -> -0.013619793
A57: 13990922 | B57: 9235.5 | C57: =LN(B57/B56) -> 0.0067031588 | D57: =LN(B57/B52) -> 0.0029603626
A58: 13990923 | B58: 9108.9 | C58: =LN(B58/B57) -> -0.013802796
A59: 13990924 | B59: 9183.5 | C59: =LN(B59/B58) -> 0.008156438
A60: 13990925 | B60: 8818.1 | C60: =LN(B60/B59) -> -0.040601968
A61: 13990926 | B61: 8562.9 | C61: =LN(B61/B60) -> -0.029367509
A62: 13990929 | B62: 8585.9 | C62: =LN(B62/B61) -> 0.002682405 | D62: =LN(B62/B57) -> -0.072933431 | E62: =LN(B62/B52) -> -0.069973069 | F62: =LN(B62/B47) -> -0.032294139
A63: 13990930 | B63: 8348.6 | C63: =LN(B63/B62) -> -0.028027463
A64: 13991001 | B64: 8319.1 | C64: =LN(B64/B63) -> -0.0035397842
A65: 13991002 | B65: 8505.4 | C65: =LN(B65/B64) -> 0.02214718
A66: 13991003 | B66: 8566.7 | C66: =LN(B66/B65) -> 0.0071813384
A67: 13991006 | B67: 8279.5 | C67: =LN(B67/B66) -> -0.034100014 | D67: =LN(B67/B62) -> -0.036338743
A68: 13991007 | B68: 8210.4 | C68: =LN(B68/B67) -> -0.0083809368
A69: 13991008 | B69: 8233.7 | C69: =LN(B69/B68) -> 0.002833845
A70: 13991009 | B70: 8163.4 | C70: =LN(B70/B69) -> -0.0085747395
A71: 13991010 | B71: 8083.1 | C71: =LN(B71/B70) -> -0.0098852865
A72: 13991013 | B72: 7957.1 | C72: =LN(B72/B71) -> -0.01571085 | D72: =LN(B72/B67) -> -0.039717968 | E72: =LN(B72/B62) -> -0.076056711
A73: 13991014 | B73: 8010 | C73: =LN(B73/B72) -> 0.0066261492
A74: 13991015 | B74: 8293.8 | C74: =LN(B74/B73) -> 0.034817487
A75: 13991016 | B75: 8039.6 | C75: =LN(B75/B74) -> -0.031128917
A76: 13991017 | B76: 7737.4 | C76: =LN(B76/B75) -> -0.038313617
A77: 13991020 | B77: 7526.7 | C77: =LN(B77/B76) -> -0.027609015 | D77: =LN(B77/B72) -> -0.055607913 | F77: =LN(B77/B62) -> -0.13166462
A78: 13991021 | B78: 7646.2 | C78: =LN(B78/B77) -> 0.015752094
A79: 13991022 | B79: 7549.7 | C79: =LN(B79/B78) -> -0.012700965
A80: 13991023 | B80: 7328.4 | C80: =LN(B80/B79) -> -0.029750616
A81: 13991024 | B81: 7044.7 | C81: =LN(B81/B80) -> -0.03948165
A82: 13991027 | B82: 6795.8 | C82: =LN(B82/B81) -> -0.035970787 | D82: =LN(B82/B77) -> -0.10215192 | E82: =LN(B82/B72) -> -0.15775984
A83: 13991029 | B83: 6584.2 | C83: =LN(B83/B82) -> -0.031631935
A84: 13991030 | B84: 6570.3 | C84: =LN(B84/B83) -> -0.002113346
A85: 13991101 | B85: 6856 | C85: =LN(B85/B84) -> 0.042564688
A86: 13991104 | B86: 7114.9 | C86: =LN(B86/B85) -> 0.037066995
A87: 13991105 | B87: 7287.6 | C87: =LN(B87/B86) -> 0.023983097 | D87: =LN(B87/B82) -> 0.069869499
A88: 13991106 | B88: 7350.8 | C88: =LN(B88/B87) -> 0.0086348771
A89: 13991107 | B89: 7214.7 | C89: =LN(B89/B88) -> -0.01868854
A90: 13991108 | B90: 7159.7 | C90: =LN(B90/B89) -> -0.0076525307
A91: 13991111 | B91: 7442.9 | C91: =LN(B91/B90) -> 0.038792477
A92: 13991112 | B92: 7537 | C92: =LN(B92/B91) -> 0.012563667 | D92: =LN(B92/B87) -> 0.033649951 | E92: =LN(B92/B82) -> 0.10351945 | F92: =LN(B92/B77) -> 0.0013675261
A93: 13991113 | B93: 7419.9 | C93: =LN(B93/B92) -> -0.015658645
A94: 13991114 | B94: 7121 | C94: =LN(B94/B93) -> -0.041117415
A95: 13991115 | B95: 6894.2 | C95: =LN(B95/B94) -> -0.032367687
A96: 13991118 | B96: 6664.9 | C96: =LN(B96/B95) -> -0.033825529
A97: 13991119 | B97: 6952.7 | C97: =LN(B97/B96) -> 0.042275124 | D97: =LN(B97/B92) -> -0.080694152
A98: 13991120 | B98: 7097.3 | C98: =LN(B98/B97) -> 0.020584357
A99: 13991121 | B99: 7226.4 | C99: =LN(B99/B98) -> 0.018026557
A100: 13991125 | B100: 7543.8 | C100: =LN(B100/B99) -> 0.042985047
...

Sheet SMA
A1: تاریخ | B1: شاخص قیمت | C1: بازدهی | D1: مجذور بازدهی | E1: میانگین متحرک 25 | F1: میانگین متحرک 50 | G1: میانگین متحرک 100
A2: 13990631 | B2: 8809
A3: 13990701 | B3: 8640.1 | C3: =LN(B3/B2) -> -0.019359769 | D3: =C3^2 -> 0.00037480067
A4: 13990702 | B4: 8759.6 | C4: =LN(B4/B3) -> 0.013736085 | D4: =C4^2 -> 0.00018868003
A5: 13990705 | B5: 8735.8 | C5: =LN(B5/B4) -> -0.0027207168 | D5: =C5^2 -> 7.4023001e-06
A6: 13990706 | B6: 8526.7 | C6: =LN(B6/B5) -> -0.024227108 | D6: =C6^2 -> 0.00058695277
A7: 13990707 | B7: 8158.8 | C7: =LN(B7/B6) -> -0.044105317 | D7: =C7^2 -> 0.001945279
A8: 13990708 | B8: 7935.7 | C8: =LN(B8/B7) -> -0.027725532 | D8: =C8^2 -> 0.00076870515
A9: 13990709 | B9: 7966.4 | C9: =LN(B9/B8) -> 0.0038611301 | D9: =C9^2 -> 1.4908325e-05
A10: 13990712 | B10: 8310.6 | C10: =LN(B10/B9) -> 0.042299112 | D10: =C10^2 -> 0.0017892148
A11: 13990713 | B11: 8390.1 | C11: =LN(B11/B10) -> 0.0095206309 | D11: =C11^2 -> 9.0642413e-05
A12: 13990714 | B12: 8365.4 | C12: =LN(B12/B11) -> -0.0029482878 | D12: =C12^2 -> 8.6924008e-06
A13: 13990715 | B13: 8718.8 | C13: =LN(B13/B12) -> 0.041377462 | D13: =C13^2 -> 0.0017120944
A14: 13990716 | B14: 9037.1 | C14: =LN(B14/B13) -> 0.035856713 | D14: =C14^2 -> 0.0012857038
... A27: 13990807 | B27: 7307.3 | C27: =LN(B27/B26) -> -0.020614539 | D27: =C27^2 -> 0.00042495923
A28: 13990810 | B28: 7538.9 | C28: =LN(B28/B27) -> 0.031202434 | D28: =C28^2 -> 0.00097359191 | E28: =SQRT(AVERAGE(D3:D27)) -> 0.030314423
A29: 13990811 | B29: 7360.4 | C29: =LN(B29/B28) -> -0.023962004 | D29: =C29^2 -> 0.00057417762 | E29: =SQRT(AVERAGE(D4:D28)) -> 0.030706936
A30: 13990812 | B30: 7300.5 | C30: =LN(B30/B29) -> -0.0081714401 | D30: =C30^2 -> 6.6772434e-05 | E30: =SQRT(AVERAGE(D5:D29)) -> 0.030956999
A31: 13990814 | B31: 7353.6 | C31: =LN(B31/B30) -> 0.0072471503 | D31: =C31^2 -> 5.2521187e-05 | E31: =SQRT(AVERAGE(D6:D30)) -> 0.030995332
A32: 13990817 | B32: 7191.6 | C32: =LN(B32/B31) -> -0.022276311 | D32: =C32^2 -> 0.00049623403 | E32: =SQRT(AVERAGE(D7:D31)) -> 0.030648546
A33: 13990818 | B33: 6975.4 | C33: =LN(B33/B32) -> -0.030524005 | D33: =C33^2 -> 0.00093171485 | E33: =SQRT(AVERAGE(D8:D32)) -> 0.029687902
A34: 13990819 | B34: 6769.1 | C34: =LN(B34/B33) -> -0.030021535 | D34: =C34^2 -> 0.00090129257 | E34: =SQRT(AVERAGE(D9:D33)) -> 0.029797516
A35: 13990820 | B35: 6707.4 | C35: =LN(B35/B34) -> -0.0091567441 | D35: =C35^2 -> 8.3845963e-05 | E35: =SQRT(AVERAGE(D10:D34)) -> 0.03038663
A36: 13990821 | B36: 6729.8 | C36: =LN(B36/B35) -> 0.003334031 | D36: =C36^2 -> 1.1115763e-05 | E36: =SQRT(AVERAGE(D11:D35)) -> 0.02924265
A37: 13990824 | B37: 6975.6 | C37: =LN(B37/B36) -> 0.03587292 | D37: =C37^2 -> 0.0012868664 | E37: =SQRT(AVERAGE(D12:D36)) -> 0.029188208
A38: 13990825 | B38: 7146.4 | C38: =LN(B38/B37) -> 0.024190388 | D38: =C38^2 -> 0.00058517487 | E38: =SQRT(AVERAGE(D13:D37)) -> 0.030051264
A39: 13990826 | B39: 7348 | C39: =LN(B39/B38) -> 0.027819434 | D39: =C39^2 -> 0.00077392091 | E39: =SQRT(AVERAGE(D14:D38)) -> 0.029291665
... A52: 13990915 | B52: 9208.2 | C52: =LN(B52/B51) -> 0.0055211758 | D52: =C52^2 -> 3.0483382e-05 | E52: =SQRT(AVERAGE(D27:D51)) -> 0.024416443
A53: 13990916 | B53: 9183.8 | C53: =LN(B53/B52) -> -0.0026533291 | D53: =C53^2 -> 7.0401553e-06 | E53: =SQRT(AVERAGE(D28:D52)) -> 0.024091153 | F53: =SQRT(AVERAGE(D3:D52)) -> 0.027380174
A54: 13990917 | B54: 9294.2 | C54: =LN(B54/B53) -> 0.011949487 | D54: =C54^2 -> 0.00014279025 | E54: =SQRT(AVERAGE(D29:D53)) -> 0.023274913 | F54: =SQRT(AVERAGE(D4:D53)) -> 0.027245527
A55: 13990918 | B55: 9299.6 | C55: =LN(B55/B54) -> 0.00058083879 | D55: =C55^2 -> 3.373737e-07 | E55: =SQRT(AVERAGE(D30:D54)) -> 0.022901224 | F55: =SQRT(AVERAGE(D5:D54)) -> 0.027228679
A56: 13990919 | B56: 9173.8 | C56: =LN(B56/B55) -> -0.013619793 | D56: =C56^2 -> 0.00018549877 | E56: =SQRT(AVERAGE(D31:D55)) -> 0.022843132 | F56: =SQRT(AVERAGE(D6:D55)) -> 0.027226084
A57: 13990922 | B57: 9235.5 | C57: =LN(B57/B56) -> 0.0067031588 | D57: =C57^2 -> 4.4932338e-05 | E57: =SQRT(AVERAGE(D32:D56)) -> 0.022959263 | F57: =SQRT(AVERAGE(D7:D56)) -> 0.02707823
A58: 13990923 | B58: 9108.9 | C58: =LN(B58/B57) -> -0.013802796 | D58: =C58^2 -> 0.00019051719 | E58: =SQRT(AVERAGE(D33:D57)) -> 0.022562706 | F58: =SQRT(AVERAGE(D8:D57)) -> 0.026367094
A59: 13990924 | B59: 9183.5 | C59: =LN(B59/B58) -> 0.008156438 | D59: =C59^2 -> 6.6527481e-05 | E59: =SQRT(AVERAGE(D34:D58)) -> 0.02189584 | F59: =SQRT(AVERAGE(D9:D58)) -> 0.02614689
A60: 13990925 | B60: 8818.1 | C60: =LN(B60/B59) -> -0.040601968 | D60: =C60^2 -> 0.0016485198 | E60: =SQRT(AVERAGE(D35:D59)) -> 0.021119593 | F60: =SQRT(AVERAGE(D10:D59)) -> 0.026166625
A61: 13990926 | B61: 8562.9 | C61: =LN(B61/B60) -> -0.029367509 | D61: =C61^2 -> 0.00086245061 | E61: =SQRT(AVERAGE(D36:D60)) -> 0.022552697 | F61: =SQRT(AVERAGE(D11:D60)) -> 0.026112801
A62: 13990929 | B62: 8585.9 | C62: =LN(B62/B61) -> 0.002682405 | D62: =C62^2 -> 7.1952968e-06 | E62: =SQRT(AVERAGE(D37:D61)) -> 0.02329544 | F62: =SQRT(AVERAGE(D12:D61)) -> 0.026406713
A63: 13990930 | B63: 8348.6 | C63: =LN(B63/B62) -> -0.028027463 | D63: =C63^2 -> 0.00078553867 | E63: =SQRT(AVERAGE(D38:D62)) -> 0.02216959 | F63: =SQRT(AVERAGE(D13:D62)) -> 0.026406147
A64: 13991001 | B64: 8319.1 | C64: =LN(B64/B63) -> -0.0035397842 | D64: =C64^2 -> 1.2530072e-05 | E64: =SQRT(AVERAGE(D39:D63)) -> 0.022349614 | F64: =SQRT(AVERAGE(D14:D63)) -> 0.026052897
... A102: 13991127 | B102: 7399 | C102: =LN(B102/B101) -> -0.0097241575 | D102: =C102^2 -> 9.4559239e-05 | E102: =SQRT(AVERAGE(D77:D101)) -> 0.028583235 | F102: =SQRT(AVERAGE(D52:D101)) -> 0.024618581
A103: 13991128 | B103: 7300.4 | C103: =LN(B103/B102) -> -0.013415715 | D103: =C103^2 -> 0.0001799814 | E103: =SQRT(AVERAGE(D78:D102)) -> 0.028112157 | F103: =SQRT(AVERAGE(D53:D102)) -> 0.024644595 | G103: =SQRT(AVERAGE(D3:D102)) -> 0.02604832
A104: 13991129 | B104: 7261.6 | C104: =LN(B104/B103) -> -0.0053289509 | D104: =C104^2 -> 2.8397718e-05 | E104: =SQRT(AVERAGE(D79:D103)) -> 0.028063633 | F104: =SQRT(AVERAGE(D54:D103)) -> 0.024714669 | G104: =SQRT(AVERAGE(D4:D103)) -> 0.026010898
A105: 13991202 | B105: 7230.8 | C105: =LN(B105/B104) -> -0.0042505101 | D105: =C105^2 -> 1.8066836e-05 | E105: =SQRT(AVERAGE(D80:D104)) -> 0.027968747 | F105: =SQRT(AVERAGE(D55:D104)) -> 0.024668341 | G105: =SQRT(AVERAGE(D5:D104)) -> 0.025980069
A106: 13991203 | B106: 7191.7 | C106: =LN(B106/B105) -> -0.0054220968 | D106: =C106^2 -> 2.9399134e-05 | E106: =SQRT(AVERAGE(D81:D105)) -> 0.027341717 | F106: =SQRT(AVERAGE(D56:D105)) -> 0.024675527 | G106: =SQRT(AVERAGE(D6:D105)) -> 0.025982121
A107: 13991204 | B107: 7148 | C107: =LN(B107/B106) -> -0.006094986 | D107: =C107^2 -> 3.7148854e-05 | E107: =SQRT(AVERAGE(D82:D106)) -> 0.026199112 | F107: =SQRT(AVERAGE(D57:D106)) -> 0.024612184 | G107: =SQRT(AVERAGE(D7:D106)) -> 0.025874603
A108: 13991205 | B108: 7070.6 | C108: =LN(B108/B107) -> -0.010887255 | D108: =C108^2 -> 0.00011853233 | E108: =SQRT(AVERAGE(D83:D107)) -> 0.025221489 | F108: =SQRT(AVERAGE(D58:D107)) -> 0.024609022 | G108: =SQRT(AVERAGE(D8:D107)) -> 0.025503211
A109: 13991206 | B109: 6984.9 | C109: =LN(B109/B108) -> -0.012194666 | D109: =C109^2 -> 0.00014870987 | E109: =SQRT(AVERAGE(D84:D108)) -> 0.024512071 | F109: =SQRT(AVERAGE(D59:D108)) -> 0.024579753 | G109: =SQRT(AVERAGE(D9:D108)) -> 0.025375422
A110: 13991209 | B110: 6882.8 | C110: =LN(B110/B109) -> -0.01472513 | D110: =C110^2 -> 0.00021682946 | E110: =SQRT(AVERAGE(D85:D109)) -> 0.024629482 | F110: =SQRT(AVERAGE(D60:D109)) -> 0.024613165 | G110: =SQRT(AVERAGE(D10:D109)) -> 0.025401773
A111: 13991210 | B111: 6850.2 | C111: =LN(B111/B110) -> -0.004747697 | D111: =C111^2 -> 2.2540627e-05 | E111: =SQRT(AVERAGE(D86:D110)) -> 0.023298379 | F111: =SQRT(AVERAGE(D61:D110)) -> 0.024024448 | G111: =SQRT(AVERAGE(D11:D110)) -> 0.025090361
A112: 13991211 | B112: 6795 | C112: =LN(B112/B111) -> -0.0080908013 | D112: =C112^2 -> 6.5461066e-05 | E112: =SQRT(AVERAGE(D87:D111)) -> 0.022107863 | F112: =SQRT(AVERAGE(D62:D111)) -> 0.02367226 | G112: =SQRT(AVERAGE(D12:D111)) -> 0.025076786
A113: 13991212 | B113: 6764.5 | C113: =LN(B113/B112) -> -0.0044986985 | D113: =C113^2 -> 2.0238289e-05 | E113: =SQRT(AVERAGE(D88:D112)) -> 0.021641822 | F113: =SQRT(AVERAGE(D63:D112)) -> 0.023696861 | G113: =SQRT(AVERAGE(D13:D112)) -> 0.025088103
A114: 13991213 | B114: 6692 | C114: =LN(B114/B113) -> -0.010775566 | D114: =C114^2 -> 0.00011611282 | E114: =SQRT(AVERAGE(D89:D113)) -> 0.021591562 | F114: =SQRT(AVERAGE(D64:D113)) -> 0.023371675 | G114: =SQRT(AVERAGE(D14:D113)) -> 0.024748623
... A559: 14011024 | B559: 6418 | C559: =LN(B559/B558) -> 0.00028050054 | D559: =C559^2 -> 7.8680553e-08 | E559: =SQRT(AVERAGE(D534:D558)) -> 0.0224571 | F559: =SQRT(AVERAGE(D509:D558)) -> 0.018120641 | G559: =SQRT(AVERAGE(D459:D558)) -> 0.015051759
A560: 14011026 | B560: 6732 | C560: =LN(B560/B559) -> 0.047765734 | D560: =C560^2 -> 0.0022815653 | E560: =SQRT(AVERAGE(D536:D559)) -> 0.022156113 | F560: =SQRT(AVERAGE(D511:D559)) -> 0.017950671 | G560: =SQRT(AVERAGE(D461:D559)) -> 0.015091563
A561: 14011027 | B561: 6840.4 | C561: =LN(B561/B560) -> 0.015973933 | D561: =C561^2 -> 0.00025516654 | E561: =SQRT(AVERAGE(D537:D560)) -> 0.024017132 | F561: =SQRT(AVERAGE(D512:D560)) -> 0.019101958 | G561: =SQRT(AVERAGE(D462:D560)) -> 0.01580688
A562: 14011028 | B562: 6774.3 | C562: =LN(B562/B561) -> -0.0097101691 | D562: =C562^2 -> 9.4287383e-05 | E562: =SQRT(AVERAGE(D538:D561)) -> 0.023355617 | F562: =SQRT(AVERAGE(D513:D561)) -> 0.018156834 | G562: =SQRT(AVERAGE(D463:D561)) -> 0.015853797
A563: 14011101 | B563: 6631.9 | C563: =LN(B563/B562) -> -0.021244701 | D563: =C563^2 -> 0.00045133732 | E563: =SQRT(AVERAGE(D539:D562)) -> 0.023270168 | F563: =SQRT(AVERAGE(D514:D562)) -> 0.018192762 | G563: =SQRT(AVERAGE(D464:D562)) -> 0.015880934
A564: 14011102 | B564: 6515.4 | C564: =LN(B564/B563) -> -0.017722734 | D564: =C564^2 -> 0.00031409529 | E564: =SQRT(AVERAGE(D540:D563)) -> 0.023488087 | F564: =SQRT(AVERAGE(D515:D563)) -> 0.018442925 | G564: =SQRT(AVERAGE(D465:D563)) -> 0.015983783
A565: 14011103 | B565: 6468.7 | C565: =LN(B565/B564) -> -0.0071934445 | D565: =C565^2 -> 5.1745644e-05 | E565: =SQRT(AVERAGE(D541:D564)) -> 0.023549822 | F565: =SQRT(AVERAGE(D516:D564)) -> 0.01860808 | G565: =SQRT(AVERAGE(D466:D564)) -> 0.016014664
A566: 14011104 | B566: 6341.9 | C566: =LN(B566/B565) -> -0.019796753 | D566: =C566^2 -> 0.00039191142 | E566: =SQRT(AVERAGE(D542:D565)) -> 0.02333325 | F566: =SQRT(AVERAGE(D517:D565)) -> 0.01859295 | G566: =SQRT(AVERAGE(D467:D565)) -> 0.01602904
A567: 14011105 | B567: 6151.3 | C567: =LN(B567/B566) -> -0.030514967 | D567: =C567^2 -> 0.00093116318 | E567: =SQRT(AVERAGE(D543:D566)) -> 0.023473432 | F567: =SQRT(AVERAGE(D518:D566)) -> 0.018770988 | G567: =SQRT(AVERAGE(D468:D566)) -> 0.016137102
A568: 14011108 | B568: 5976 | C568: =LN(B568/B567) -> -0.028911994 | D568: =C568^2 -> 0.00083590338 | E568: =SQRT(AVERAGE(D544:D567)) -> 0.02419264 | F568: =SQRT(AVERAGE(D519:D567)) -> 0.019265403 | G568: =SQRT(AVERAGE(D469:D567)) -> 0.016425029
A569: 14011109 | B569: 5660.5 | C569: =LN(B569/B568) -> -0.05423922 | D569: =C569^2 -> 0.002941893 | E569: =SQRT(AVERAGE(D545:D568)) -> 0.024300424 | F569: =SQRT(AVERAGE(D520:D568)) -> 0.019698952 | G569: =SQRT(AVERAGE(D470:D568)) -> 0.016591969
A570: 14011110 | B570: 5664.6 | C570: =LN(B570/B569) -> 0.00072405545 | D570: =C570^2 -> 5.2425629e-07 | E570: =SQRT(AVERAGE(D546:D569)) -> 0.025998093 | F570: =SQRT(AVERAGE(D521:D569)) -> 0.021073864 | G570: =SQRT(AVERAGE(D471:D569)) -> 0.017453675
A571: 14011111 | B571: 5924 | C571: =LN(B571/B570) -> 0.044775613 | D571: =C571^2 -> 0.0020048556 | E571: =SQRT(AVERAGE(D547:D570)) -> 0.025997528 | F571: =SQRT(AVERAGE(D522:D570)) -> 0.021046093 | G571: =SQRT(AVERAGE(D472:D570)) -> 0.017453717
... A584: 14011203 | B584: 6153.9 | C584: =LN(B584/B583) -> -0.022828484 | D584: =C584^2 -> 0.00052113968 | E584: =SQRT(AVERAGE(D560:D583)) -> 0.025165176 | F584: =SQRT(AVERAGE(D535:D583)) -> 0.023740526 | G584: =SQRT(AVERAGE(D485:D583)) -> 0.018614841
A585: 14011206 | B585: 6499 | C585: =LN(B585/B584) -> 0.054562292 | D585: =C585^2 -> 0.0029770437 | E585: =SQRT(AVERAGE(D560:D584)) -> 0.025075889 | F585: =SQRT(AVERAGE(D536:D584)) -> 0.0236908 | G585: =SQRT(AVERAGE(D486:D584)) -> 0.01871837
A586: 14011207 | B586: 6688.4 | C586: =LN(B586/B585) -> 0.028726364 | D586: =C586^2 -> 0.00082520397 | E586: =SQRT(AVERAGE(D561:D585)) -> 0.025624585 | F586: =SQRT(AVERAGE(D537:D585)) -> 0.024850256 | G586: =SQRT(AVERAGE(D487:D585)) -> 0.01940615
A587: 14011208 | B587: 6654 | C587: =LN(B587/B586) -> -0.005156505 | D587: =C587^2 -> 2.6589544e-05 | E587: =SQRT(AVERAGE(D562:D586)) -> 0.026065702 | F587: =SQRT(AVERAGE(D538:D586)) -> 0.024775382 | G587: =SQRT(AVERAGE(D488:D586)) -> 0.019481761
A588: 14011209 | B588: 6600.9 | C588: =LN(B588/B587) -> -0.0080121742 | D588: =C588^2 -> 6.4194936e-05 | E588: =SQRT(AVERAGE(D563:D587)) -> 0.026013707 | F588: =SQRT(AVERAGE(D539:D587)) -> 0.024708026 | G588: =SQRT(AVERAGE(D489:D587)) -> 0.01948644
A589: 14011210 | B589: 6495.9 | C589: =LN(B589/B588) -> -0.016034795 | D589: =C589^2 -> 0.00025711464 | E589: =SQRT(AVERAGE(D564:D588)) -> 0.025714339 | F589: =SQRT(AVERAGE(D540:D588)) -> 0.024649066 | G589: =SQRT(AVERAGE(D490:D588)) -> 0.01950277
A590: 14011213 | B590: 6471.8 | C590: =LN(B590/B589) -> -0.0037169317 | D590: =C590^2 -> 1.3815581e-05 | E590: =SQRT(AVERAGE(D565:D589)) -> 0.025669983 | F590: =SQRT(AVERAGE(D541:D589)) -> 0.024654328 | G590: =SQRT(AVERAGE(D491:D589)) -> 0.019568759
A591: 14011214 | B591: 6616.7 | C591: =LN(B591/B590) -> 0.022142479 | D591: =C591^2 -> 0.00049028939 | E591: =SQRT(AVERAGE(D566:D590)) -> 0.025640413 | F591: =SQRT(AVERAGE(D542:D590)) -> 0.024537494 | G591: =SQRT(AVERAGE(D492:D590)) -> 0.019532558
A592: 14011215 | B592: 6575.5 | C592: =LN(B592/B591) -> -0.0062461354 | D592: =C592^2 -> 3.9014208e-05 | E592: =SQRT(AVERAGE(D567:D591)) -> 0.025717036 | F592: =SQRT(AVERAGE(D543:D591)) -> 0.024643663 | G592: =SQRT(AVERAGE(D493:D591)) -> 0.019654095
A593: 14011216 | B593: 6682.6 | C593: =LN(B593/B592) -> 0.016156513 | D593: =C593^2 -> 0.0002610329 | E593: =SQRT(AVERAGE(D568:D592)) -> 0.025013596 | F593: =SQRT(AVERAGE(D544:D592)) -> 0.024614916 | G593: =SQRT(AVERAGE(D494:D592)) -> 0.019649276
A594: 14011220 | B594: 7031.4 | C594: =LN(B594/B593) -> 0.050878699 | D594: =C594^2 -> 0.002588642 | E594: =SQRT(AVERAGE(D569:D593)) -> 0.024549646 | F594: =SQRT(AVERAGE(D545:D593)) -> 0.024427896 | G594: =SQRT(AVERAGE(D495:D593)) -> 0.019713631
A595: 14011221 | B595: 6934.6 | C595: =LN(B595/B594) -> -0.013862459 | D595: =C595^2 -> 0.00019216777 | E595: =SQRT(AVERAGE(D570:D594)) -> 0.024260155 | F595: =SQRT(AVERAGE(D546:D594)) -> 0.025126414 | G595: =SQRT(AVERAGE(D496:D594)) -> 0.020365974
A596: 14011222 | B596: 6935.4 | C596: =LN(B596/B595) -> 0.00011535689 | D596: =C596^2 -> 1.3307211e-08 | E596: =SQRT(AVERAGE(D571:D595)) -> 0.024417634 | F596: =SQRT(AVERAGE(D547:D595)) -> 0.025203837 | G596: =SQRT(AVERAGE(D497:D595)) -> 0.020409764
... A609: 14020119 | B609: 8459.5 | C609: =LN(B609/B608) -> 0.037468481 | D609: =C609^2 -> 0.0014038871 | E609: =SQRT(AVERAGE(D584:D608)) -> 0.022765958 | F609: =SQRT(AVERAGE(D560:D608)) -> 0.023971108 | G609: =SQRT(AVERAGE(D510:D608)) -> 0.021218919
A610: 14020120 | B610: 8431.9 | C610: =LN(B610/B609) -> -0.0032679381 | D610: =C610^2 -> 1.0679419e-05 | E610: =SQRT(AVERAGE(D585:D609)) -> 0.023528679 | F610: =SQRT(AVERAGE(D560:D609)) -> 0.024314594 | G610: =SQRT(AVERAGE(D511:D609)) -> 0.021402605
A611: 14020121 | B611: 8170.2 | C611: =LN(B611/B610) -> -0.031528744 | D611: =C611^2 -> 0.00099406168 | E611: =SQRT(AVERAGE(D586:D610)) -> 0.020855316 | F611: =SQRT(AVERAGE(D561:D610)) -> 0.023361973 | G611: =SQRT(AVERAGE(D512:D610)) -> 0.021359937
A612: 14020122 | B612: 8047.7 | C612: =LN(B612/B611) -> -0.015107052 | D612: =C612^2 -> 0.00022822302 | E612: =SQRT(AVERAGE(D587:D611)) -> 0.021016624 | F612: =SQRT(AVERAGE(D562:D611)) -> 0.023676141 | G612: =SQRT(AVERAGE(D513:D611)) -> 0.02112537
A613: 14020126 | B613: 8463.8 | C613: =LN(B613/B612) -> 0.050411909 | D613: =C613^2 -> 0.0025413606 | E613: =SQRT(AVERAGE(D588:D612)) -> 0.021207636 | F613: =SQRT(AVERAGE(D563:D612)) -> 0.023732644 | G613: =SQRT(AVERAGE(D514:D612)) -> 0.021172636
A614: 14020127 | B614: 8536.9 | C614: =LN(B614/B613) -> 0.0085996989 | D614: =C614^2 -> 7.3954821e-05 | E614: =SQRT(AVERAGE(D589:D613)) -> 0.023427558 | F614: =SQRT(AVERAGE(D564:D613)) -> 0.024597537 | G614: =SQRT(AVERAGE(D515:D613)) -> 0.021769888
A615: 14020128 | B615: 8763.3 | C615: =LN(B615/B614) -> 0.026174602 | D615: =C615^2 -> 0.00068510979 | E615: =SQRT(AVERAGE(D590:D614)) -> 0.02327067 | F615: =SQRT(AVERAGE(D565:D614)) -> 0.024499715 | G615: =SQRT(AVERAGE(D516:D614)) -> 0.021783734
A616: 14020129 | B616: 9122.3 | C616: =LN(B616/B615) -> 0.040149419 | D616: =C616^2 -> 0.0016119758 | E616: =SQRT(AVERAGE(D591:D615)) -> 0.023840634 | F616: =SQRT(AVERAGE(D566:D615)) -> 0.024756884 | G616: =SQRT(AVERAGE(D517:D615)) -> 0.021923733
A617: 14020130 | B617: 9046.7 | C617: =LN(B617/B616) -> -0.0083219149 | D617: =C617^2 -> 6.9254268e-05 | E617: =SQRT(AVERAGE(D592:D616)) -> 0.02476375 | F617: =SQRT(AVERAGE(D567:D616)) -> 0.025244893 | G617: =SQRT(AVERAGE(D518:D616)) -> 0.022277039
A618: 14020204 | B618: 9013.7 | C618: =LN(B618/B617) -> -0.0036544082 | D618: =C618^2 -> 1.3354699e-05 | E618: =SQRT(AVERAGE(D593:D617)) -> 0.02478816 | F618: =SQRT(AVERAGE(D568:D617)) -> 0.024901133 | G618: =SQRT(AVERAGE(D519:D617)) -> 0.022290541
A619: 14020205 | B619: 9072.5 | C619: =LN(B619/B618) -> 0.006502218 | D619: =C619^2 -> 4.2278838e-05 | E619: =SQRT(AVERAGE(D594:D618)) -> 0.024587512 | F619: =SQRT(AVERAGE(D569:D618)) -> 0.024568587 | G619: =SQRT(AVERAGE(D520:D618)) -> 0.022291721
A620: 14020206 | B620: 8893.1 | C620: =LN(B620/B619) -> -0.019972165 | D620: =C620^2 -> 0.00039888737 | E620: =SQRT(AVERAGE(D595:D619)) -> 0.022420777 | F620: =SQRT(AVERAGE(D570:D619)) -> 0.023358578 | G620: =SQRT(AVERAGE(D521:D619)) -> 0.022257093
A621: 14020209 | B621: 8961.8 | C621: =LN(B621/B620) -> 0.0076954045 | D621: =C621^2 -> 5.9219251e-05 | E621: =SQRT(AVERAGE(D596:D620)) -> 0.022604425 | F621: =SQRT(AVERAGE(D571:D620)) -> 0.023528503 | G621: =SQRT(AVERAGE(D522:D620)) -> 0.022334348
... A659: 14020404 | B659: 9298.7 | C659: =LN(B659/B658) -> -0.024118804 | D659: =C659^2 -> 0.00058171669 | E659: =SQRT(AVERAGE(D634:D658)) -> 0.019726107 | F659: =SQRT(AVERAGE(D609:D658)) -> 0.025667287 | G659: =SQRT(AVERAGE(D560:D658)) -> 0.024842243
A660: 14020405 | B660: 9247.6 | C660: =LN(B660/B659) -> -0.005510547 | D660: =C660^2 -> 3.0366129e-05 | E660: =SQRT(AVERAGE(D635:D659)) -> 0.018214751 | F660: =SQRT(AVERAGE(D610:D659)) -> 0.025344944 | G660: =SQRT(AVERAGE(D560:D659)) -> 0.024835113
A661: 14020406 | B661: 9288.1 | C661: =LN(B661/B660) -> 0.0043699525 | D661: =C661^2 -> 1.9096485e-05 | E661: =SQRT(AVERAGE(D636:D660)) -> 0.018201731 | F661: =SQRT(AVERAGE(D611:D660)) -> 0.025352711 | G661: =SQRT(AVERAGE(D561:D660)) -> 0.024377671
A662: 14020407 | B662: 9332.2 | C662: =LN(B662/B661) -> 0.0047367746 | D662: =C662^2 -> 2.2437034e-05 | E662: =SQRT(AVERAGE(D637:D661)) -> 0.017864108 | F662: =SQRT(AVERAGE(D612:D661)) -> 0.024965189 | G662: =SQRT(AVERAGE(D562:D661)) -> 0.024329204
A663: 14020410 | B663: 9304.4 | C663: =LN(B663/B662) -> -0.002983379 | D663: =C663^2 -> 8.9005503e-06 | E663: =SQRT(AVERAGE(D638:D662)) -> 0.015452898 | F663: =SQRT(AVERAGE(D613:D662)) -> 0.024882623 | G663: =SQRT(AVERAGE(D563:D662)) -> 0.024314433
A664: 14020411 | B664: 9329.8 | C664: =LN(B664/B663) -> 0.0027261718 | D664: =C664^2 -> 7.4320129e-06 | E664: =SQRT(AVERAGE(D639:D663)) -> 0.015382229 | F664: =SQRT(AVERAGE(D614:D663)) -> 0.023843148 | G664: =SQRT(AVERAGE(D564:D663)) -> 0.02422328
A665: 14020412 | B665: 9343.3 | C665: =LN(B665/B664) -> 0.0014459305 | D665: =C665^2 -> 2.090715e-06 | E665: =SQRT(AVERAGE(D640:D664)) -> 0.015284728 | F665: =SQRT(AVERAGE(D615:D664)) -> 0.023815232 | G665: =SQRT(AVERAGE(D565:D664)) -> 0.024159898
A666: 14020413 | B666: 9447.6 | C666: =LN(B666/B665) -> 0.011101232 | D666: =C666^2 -> 0.00012323735 | E666: =SQRT(AVERAGE(D641:D665)) -> 0.015054296 | F666: =SQRT(AVERAGE(D616:D665)) -> 0.023526684 | G666: =SQRT(AVERAGE(D566:D665)) -> 0.024149619
...

Sheet VaR01
A1: تاریخ | B1: شاخص قیمت | C1: بازدهی | D1: مجذور بازدهی | E1: ارزش دارایی | F1: میانگین متحرک 25 | G1: VaR 25 | H1: میانگین متحرک 50 | I1: VaR 50 | J1: میانگین متحرک 100 | K1: VaR 100 | L1: VaR Simple
A2: 13990631 | B2: 8809
A3: 13990701 | B3: 8640.1 | C3: =LN(B3/B2) -> -0.019359769 | D3: =C3^2 -> 0.00037480067
A4: 13990702 | B4: 8759.6 | C4: =LN(B4/B3) -> 0.013736085 | D4: =C4^2 -> 0.00018868003
A5: 13990705 | B5: 8735.8 | C5: =LN(B5/B4) -> -0.0027207168 | D5: =C5^2 -> 7.4023001e-06
A6: 13990706 | B6: 8526.7 | C6: =LN(B6/B5) -> -0.024227108 | D6: =C6^2 -> 0.00058695277
A7: 13990707 | B7: 8158.8 | C7: =LN(B7/B6) -> -0.044105317 | D7: =C7^2 -> 0.001945279
A8: 13990708 | B8: 7935.7 | C8: =LN(B8/B7) -> -0.027725532 | D8: =C8^2 -> 0.00076870515
A9: 13990709 | B9: 7966.4 | C9: =LN(B9/B8) -> 0.0038611301 | D9: =C9^2 -> 1.4908325e-05
A10: 13990712 | B10: 8310.6 | C10: =LN(B10/B9) -> 0.042299112 | D10: =C10^2 -> 0.0017892148
A11: 13990713 | B11: 8390.1 | C11: =LN(B11/B10) -> 0.0095206309 | D11: =C11^2 -> 9.0642413e-05
A12: 13990714 | B12: 8365.4 | C12: =LN(B12/B11) -> -0.0029482878 | D12: =C12^2 -> 8.6924008e-06
A13: 13990715 | B13: 8718.8 | C13: =LN(B13/B12) -> 0.041377462 | D13: =C13^2 -> 0.0017120944
A14: 13990716 | B14: 9037.1 | C14: =LN(B14/B13) -> 0.035856713 | D14: =C14^2 -> 0.0012857038
... A27: 13990807 | B27: 7307.3 | C27: =LN(B27/B26) -> -0.020614539 | D27: =C27^2 -> 0.00042495923
A28: 13990810 | B28: 7538.9 | C28: =LN(B28/B27) -> 0.031202434 | D28: =C28^2 -> 0.00097359191 | F28: =SQRT(AVERAGE(D3:D27)) -> 0.030314423
A29: 13990811 | B29: 7360.4 | C29: =LN(B29/B28) -> -0.023962004 | D29: =C29^2 -> 0.00057417762 | F29: =SQRT(AVERAGE(D4:D28)) -> 0.030706936
A30: 13990812 | B30: 7300.5 | C30: =LN(B30/B29) -> -0.0081714401 | D30: =C30^2 -> 6.6772434e-05 | F30: =SQRT(AVERAGE(D5:D29)) -> 0.030956999
A31: 13990814 | B31: 7353.6 | C31: =LN(B31/B30) -> 0.0072471503 | D31: =C31^2 -> 5.2521187e-05 | F31: =SQRT(AVERAGE(D6:D30)) -> 0.030995332
A32: 13990817 | B32: 7191.6 | C32: =LN(B32/B31) -> -0.022276311 | D32: =C32^2 -> 0.00049623403 | F32: =SQRT(AVERAGE(D7:D31)) -> 0.030648546
A33: 13990818 | B33: 6975.4 | C33: =LN(B33/B32) -> -0.030524005 | D33: =C33^2 -> 0.00093171485 | F33: =SQRT(AVERAGE(D8:D32)) -> 0.029687902
A34: 13990819 | B34: 6769.1 | C34: =LN(B34/B33) -> -0.030021535 | D34: =C34^2 -> 0.00090129257 | F34: =SQRT(AVERAGE(D9:D33)) -> 0.029797516
A35: 13990820 | B35: 6707.4 | C35: =LN(B35/B34) -> -0.0091567441 | D35: =C35^2 -> 8.3845963e-05 | F35: =SQRT(AVERAGE(D10:D34)) -> 0.03038663
A36: 13990821 | B36: 6729.8 | C36: =LN(B36/B35) -> 0.003334031 | D36: =C36^2 -> 1.1115763e-05 | F36: =SQRT(AVERAGE(D11:D35)) -> 0.02924265
A37: 13990824 | B37: 6975.6 | C37: =LN(B37/B36) -> 0.03587292 | D37: =C37^2 -> 0.0012868664 | F37: =SQRT(AVERAGE(D12:D36)) -> 0.029188208
A38: 13990825 | B38: 7146.4 | C38: =LN(B38/B37) -> 0.024190388 | D38: =C38^2 -> 0.00058517487 | F38: =SQRT(AVERAGE(D13:D37)) -> 0.030051264
A39: 13990826 | B39: 7348 | C39: =LN(B39/B38) -> 0.027819434 | D39: =C39^2 -> 0.00077392091 | F39: =SQRT(AVERAGE(D14:D38)) -> 0.029291665
... A52: 13990915 | B52: 9208.2 | C52: =LN(B52/B51) -> 0.0055211758 | D52: =C52^2 -> 3.0483382e-05 | F52: =SQRT(AVERAGE(D27:D51)) -> 0.024416443
A53: 13990916 | B53: 9183.8 | C53: =LN(B53/B52) -> -0.0026533291 | D53: =C53^2 -> 7.0401553e-06 | F53: =SQRT(AVERAGE(D28:D52)) -> 0.024091153 | H53: =SQRT(AVERAGE(D3:D52)) -> 0.027380174
A54: 13990917 | B54: 9294.2 | C54: =LN(B54/B53) -> 0.011949487 | D54: =C54^2 -> 0.00014279025 | F54: =SQRT(AVERAGE(D29:D53)) -> 0.023274913 | H54: =SQRT(AVERAGE(D4:D53)) -> 0.027245527
A55: 13990918 | B55: 9299.6 | C55: =LN(B55/B54) -> 0.00058083879 | D55: =C55^2 -> 3.373737e-07 | F55: =SQRT(AVERAGE(D30:D54)) -> 0.022901224 | H55: =SQRT(AVERAGE(D5:D54)) -> 0.027228679
A56: 13990919 | B56: 9173.8 | C56: =LN(B56/B55) -> -0.013619793 | D56: =C56^2 -> 0.00018549877 | F56: =SQRT(AVERAGE(D31:D55)) -> 0.022843132 | H56: =SQRT(AVERAGE(D6:D55)) -> 0.027226084
A57: 13990922 | B57: 9235.5 | C57: =LN(B57/B56) -> 0.0067031588 | D57: =C57^2 -> 4.4932338e-05 | F57: =SQRT(AVERAGE(D32:D56)) -> 0.022959263 | H57: =SQRT(AVERAGE(D7:D56)) -> 0.02707823
A58: 13990923 | B58: 9108.9 | C58: =LN(B58/B57) -> -0.013802796 | D58: =C58^2 -> 0.00019051719 | F58: =SQRT(AVERAGE(D33:D57)) -> 0.022562706 | H58: =SQRT(AVERAGE(D8:D57)) -> 0.026367094
A59: 13990924 | B59: 9183.5 | C59: =LN(B59/B58) -> 0.008156438 | D59: =C59^2 -> 6.6527481e-05 | F59: =SQRT(AVERAGE(D34:D58)) -> 0.02189584 | H59: =SQRT(AVERAGE(D9:D58)) -> 0.02614689
A60: 13990925 | B60: 8818.1 | C60: =LN(B60/B59) -> -0.040601968 | D60: =C60^2 -> 0.0016485198 | F60: =SQRT(AVERAGE(D35:D59)) -> 0.021119593 | H60: =SQRT(AVERAGE(D10:D59)) -> 0.026166625
A61: 13990926 | B61: 8562.9 | C61: =LN(B61/B60) -> -0.029367509 | D61: =C61^2 -> 0.00086245061 | F61: =SQRT(AVERAGE(D36:D60)) -> 0.022552697 | H61: =SQRT(AVERAGE(D11:D60)) -> 0.026112801
A62: 13990929 | B62: 8585.9 | C62: =LN(B62/B61) -> 0.002682405 | D62: =C62^2 -> 7.1952968e-06 | F62: =SQRT(AVERAGE(D37:D61)) -> 0.02329544 | H62: =SQRT(AVERAGE(D12:D61)) -> 0.026406713
A63: 13990930 | B63: 8348.6 | C63: =LN(B63/B62) -> -0.028027463 | D63: =C63^2 -> 0.00078553867 | F63: =SQRT(AVERAGE(D38:D62)) -> 0.02216959 | H63: =SQRT(AVERAGE(D13:D62)) -> 0.026406147
A64: 13991001 | B64: 8319.1 | C64: =LN(B64/B63) -> -0.0035397842 | D64: =C64^2 -> 1.2530072e-05 | F64: =SQRT(AVERAGE(D39:D63)) -> 0.022349614 | H64: =SQRT(AVERAGE(D14:D63)) -> 0.026052897
... A101: 13991126 | B101: 7471.3 | C101: =LN(B101/B100) -> -0.0096570204 | D101: =C101^2 -> 9.3258043e-05 | F101: =SQRT(AVERAGE(D76:D100)) -> 0.029529448 | H101: =SQRT(AVERAGE(D51:D100)) -> 0.024631807
A102: 13991127 | B102: 7399 | C102: =LN(B102/B101) -> -0.0097241575 | D102: =C102^2 -> 9.4559239e-05 | E102: 100000000 | F102: =SQRT(AVERAGE(D77:D101)) -> 0.028583235 | H102: =SQRT(AVERAGE(D52:D101)) -> 0.024618581
A103: 13991128 | B103: 7300.4 | C103: =LN(B103/B102) -> -0.013415715 | D103: =C103^2 -> 0.0001799814 | E103: =E102*(1+C103) -> 98658429 | F103: =SQRT(AVERAGE(D78:D102)) -> 0.028112157 | G103: =_xlfn.NORM.S.INV(0.99)*F103*E103 -> 6452128.7 | H103: =SQRT(AVERAGE(D53:D102)) -> 0.024644595 | I103: =_xlfn.NORM.S.INV(0.99)*H103*E103 -> 5656275.2 | J103: =SQRT(AVERAGE(D3:D102)) -> 0.02604832 | K103: =_xlfn.NORM.S.INV(0.99)*J103*E103 -> 5978449.7 | L103: =_xlfn.NORM.S.INV(0.99)*_xlfn.STDEV.S($C$3:$C$101)*E103 -> 6022721.2
A104: 13991129 | B104: 7261.6 | C104: =LN(B104/B103) -> -0.0053289509 | D104: =C104^2 -> 2.8397718e-05 | E104: =E103*(1+C104) -> 98132683 | F104: =SQRT(AVERAGE(D79:D103)) -> 0.028063633 | G104: =_xlfn.NORM.S.INV(0.99)*F104*E104 -> 6406668 | H104: =SQRT(AVERAGE(D54:D103)) -> 0.024714669 | I104: =_xlfn.NORM.S.INV(0.99)*H104*E104 -> 5642130.6 | J104: =SQRT(AVERAGE(D4:D103)) -> 0.026010898 | K104: =_xlfn.NORM.S.INV(0.99)*J104*E104 -> 5938047.6 | L104: =_xlfn.NORM.S.INV(0.99)*_xlfn.STDEV.S($C$3:$C$101)*E104 -> 5990626.4
A105: 13991202 | B105: 7230.8 | C105: =LN(B105/B104) -> -0.0042505101 | D105: =C105^2 -> 1.8066836e-05 | E105: =E104*(1+C105) -> 97715569 | F105: =SQRT(AVERAGE(D80:D104)) -> 0.027968747 | G105: =_xlfn.NORM.S.INV(0.99)*F105*E105 -> 6357866.9 | H105: =SQRT(AVERAGE(D55:D104)) -> 0.024668341 | I105: =_xlfn.NORM.S.INV(0.99)*H105*E105 -> 5607617.2 | J105: =SQRT(AVERAGE(D5:D104)) -> 0.025980069 | K105: =_xlfn.NORM.S.INV(0.99)*J105*E105 -> 5905799.8 | L105: =_xlfn.NORM.S.INV(0.99)*_xlfn.STDEV.S($C$3:$C$101)*E105 -> 5965163.2
A106: 13991203 | B106: 7191.7 | C106: =LN(B106/B105) -> -0.0054220968 | D106: =C106^2 -> 2.9399134e-05 | E106: =E105*(1+C106) -> 97185745 | F106: =SQRT(AVERAGE(D81:D105)) -> 0.027341717 | G106: =_xlfn.NORM.S.INV(0.99)*F106*E106 -> 6181630.2 | H106: =SQRT(AVERAGE(D56:D105)) -> 0.024675527 | I106: =_xlfn.NORM.S.INV(0.99)*H106*E106 -> 5578836.8 | J106: =SQRT(AVERAGE(D6:D105)) -> 0.025982121 | K106: =_xlfn.NORM.S.INV(0.99)*J106*E106 -> 5874242 | L106: =_xlfn.NORM.S.INV(0.99)*_xlfn.STDEV.S($C$3:$C$101)*E106 -> 5932819.5
A107: 13991204 | B107: 7148 | C107: =LN(B107/B106) -> -0.006094986 | D107: =C107^2 -> 3.7148854e-05 | E107: =E106*(1+C107) -> 96593400 | F107: =SQRT(AVERAGE(D82:D106)) -> 0.026199112 | G107: =_xlfn.NORM.S.INV(0.99)*F107*E107 -> 5887198.4 | H107: =SQRT(AVERAGE(D57:D106)) -> 0.024612184 | I107: =_xlfn.NORM.S.INV(0.99)*H107*E107 -> 5530600.3 | J107: =SQRT(AVERAGE(D7:D106)) -> 0.025874603 | K107: =_xlfn.NORM.S.INV(0.99)*J107*E107 -> 5814278.2 | L107: =_xlfn.NORM.S.INV(0.99)*_xlfn.STDEV.S($C$3:$C$101)*E107 -> 5896659
A108: 13991205 | B108: 7070.6 | C108: =LN(B108/B107) -> -0.010887255 | D108: =C108^2 -> 0.00011853233 | E108: =E107*(1+C108) -> 95541763 | F108: =SQRT(AVERAGE(D83:D107)) -> 0.025221489 | G108: =_xlfn.NORM.S.INV(0.99)*F108*E108 -> 5605813.3 | H108: =SQRT(AVERAGE(D58:D107)) -> 0.024609022 | I108: =_xlfn.NORM.S.INV(0.99)*H108*E108 -> 5469684.3 | J108: =SQRT(AVERAGE(D8:D107)) -> 0.025503211 | K108: =_xlfn.NORM.S.INV(0.99)*J108*E108 -> 5668429.9 | L108: =_xlfn.NORM.S.INV(0.99)*_xlfn.STDEV.S($C$3:$C$101)*E108 -> 5832460.6
A109: 13991206 | B109: 6984.9 | C109: =LN(B109/B108) -> -0.012194666 | D109: =C109^2 -> 0.00014870987 | E109: =E108*(1+C109) -> 94376663 | F109: =SQRT(AVERAGE(D84:D108)) -> 0.024512071 | G109: =_xlfn.NORM.S.INV(0.99)*F109*E109 -> 5381697.5 | H109: =SQRT(AVERAGE(D59:D108)) -> 0.024579753 | I109: =_xlfn.NORM.S.INV(0.99)*H109*E109 -> 5396557.2 | J109: =SQRT(AVERAGE(D9:D108)) -> 0.025375422 | K109: =_xlfn.NORM.S.INV(0.99)*J109*E109 -> 5571248.8 | L109: =_xlfn.NORM.S.INV(0.99)*_xlfn.STDEV.S($C$3:$C$101)*E109 -> 5761335.7
A110: 13991209 | B110: 6882.8 | C110: =LN(B110/B109) -> -0.01472513 | D110: =C110^2 -> 0.00021682946 | E110: =E109*(1+C110) -> 92986954 | F110: =SQRT(AVERAGE(D85:D109)) -> 0.024629482 | G110: =_xlfn.NORM.S.INV(0.99)*F110*E110 -> 5327849.6 | H110: =SQRT(AVERAGE(D60:D109)) -> 0.024613165 | I110: =_xlfn.NORM.S.INV(0.99)*H110*E110 -> 5324320 | J110: =SQRT(AVERAGE(D10:D109)) -> 0.025401773 | K110: =_xlfn.NORM.S.INV(0.99)*J110*E110 -> 5494911.6 | L110: =_xlfn.NORM.S.INV(0.99)*_xlfn.STDEV.S($C$3:$C$101)*E110 -> 5676499.3
A111: 13991210 | B111: 6850.2 | C111: =LN(B111/B110) -> -0.004747697 | D111: =C111^2 -> 2.2540627e-05 | E111: =E110*(1+C111) -> 92545480 | F111: =SQRT(AVERAGE(D86:D110)) -> 0.023298379 | G111: =_xlfn.NORM.S.INV(0.99)*F111*E111 -> 5015977.4 | H111: =SQRT(AVERAGE(D61:D110)) -> 0.024024448 | I111: =_xlfn.NORM.S.INV(0.99)*H111*E111 -> 5172295 | J111: =SQRT(AVERAGE(D11:D110)) -> 0.025090361 | K111: =_xlfn.NORM.S.INV(0.99)*J111*E111 -> 5401778.7 | L111: =_xlfn.NORM.S.INV(0.99)*_xlfn.STDEV.S($C$3:$C$101)*E111 -> 5649549
A112: 13991211 | B112: 6795 | C112: =LN(B112/B111) -> -0.0080908013 | D112: =C112^2 -> 6.5461066e-05 | E112: =E111*(1+C112) -> 91796713 | F112: =SQRT(AVERAGE(D87:D111)) -> 0.022107863 | G112: =_xlfn.NORM.S.INV(0.99)*F112*E112 -> 4721158.1 | H112: =SQRT(AVERAGE(D62:D111)) -> 0.02367226 | I112: =_xlfn.NORM.S.INV(0.99)*H112*E112 -> 5055236.9 | J112: =SQRT(AVERAGE(D12:D111)) -> 0.025076786 | K112: =_xlfn.NORM.S.INV(0.99)*J112*E112 -> 5355175 | L112: =_xlfn.NORM.S.INV(0.99)*_xlfn.STDEV.S($C$3:$C$101)*E112 -> 5603839.6
A113: 13991212 | B113: 6764.5 | C113: =LN(B113/B112) -> -0.0044986985 | D113: =C113^2 -> 2.0238289e-05 | E113: =E112*(1+C113) -> 91383747 | F113: =SQRT(AVERAGE(D88:D112)) -> 0.021641822 | G113: =_xlfn.NORM.S.INV(0.99)*F113*E113 -> 4600843.4 | H113: =SQRT(AVERAGE(D63:D112)) -> 0.023696861 | I113: =_xlfn.NORM.S.INV(0.99)*H113*E113 -> 5037724.8 | J113: =SQRT(AVERAGE(D13:D112)) -> 0.025088103 | K113: =_xlfn.NORM.S.INV(0.99)*J113*E113 -> 5333489.4 | L113: =_xlfn.NORM.S.INV(0.99)*_xlfn.STDEV.S($C$3:$C$101)*E113 -> 5578629.6
A114: 13991213 | B114: 6692 | C114: =LN(B114/B113) -> -0.010775566 | D114: =C114^2 -> 0.00011611282 | E114: =E113*(1+C114) -> 90399036 | F114: =SQRT(AVERAGE(D89:D113)) -> 0.021591562 | G114: =_xlfn.NORM.S.INV(0.99)*F114*E114 -> 4540697 | H114: =SQRT(AVERAGE(D64:D113)) -> 0.023371675 | I114: =_xlfn.NORM.S.INV(0.99)*H114*E114 -> 4915054.1 | J114: =SQRT(AVERAGE(D14:D113)) -> 0.024748623 | K114: =_xlfn.NORM.S.INV(0.99)*J114*E114 -> 5204625.6 | L114: =_xlfn.NORM.S.INV(0.99)*_xlfn.STDEV.S($C$3:$C$101)*E114 -> 5518516.7
... A559: 14011024 | B559: 6418 | C559: =LN(B559/B558) -> 0.00028050054 | D559: =C559^2 -> 7.8680553e-08 | E559: =E558*(1+C559) -> 82487553 | F559: =SQRT(AVERAGE(D534:D558)) -> 0.0224571 | G559: =_xlfn.NORM.S.INV(0.99)*F559*E559 -> 4309399.5 | H559: =SQRT(AVERAGE(D509:D558)) -> 0.018120641 | I559: =_xlfn.NORM.S.INV(0.99)*H559*E559 -> 3477255.7 | J559: =SQRT(AVERAGE(D459:D558)) -> 0.015051759 | K559: =_xlfn.NORM.S.INV(0.99)*J559*E559 -> 2888353.4 | L559: =_xlfn.NORM.S.INV(0.99)*_xlfn.STDEV.S($C$3:$C$101)*E559 -> 5035550.8
A560: 14011026 | B560: 6732 | C560: =LN(B560/B559) -> 0.047765734 | D560: =C560^2 -> 0.0022815653 | E560: =E559*(1+C560) -> 86427632 | F560: =SQRT(AVERAGE(D536:D559)) -> 0.022156113 | G560: =_xlfn.NORM.S.INV(0.99)*F560*E560 -> 4454724.4 | H560: =SQRT(AVERAGE(D511:D559)) -> 0.017950671 | I560: =_xlfn.NORM.S.INV(0.99)*H560*E560 -> 3609175.2 | J560: =SQRT(AVERAGE(D461:D559)) -> 0.015091563 | K560: =_xlfn.NORM.S.INV(0.99)*J560*E560 -> 3034320.8 | L560: =_xlfn.NORM.S.INV(0.99)*_xlfn.STDEV.S($C$3:$C$101)*E560 -> 5276077.6
A561: 14011027 | B561: 6840.4 | C561: =LN(B561/B560) -> 0.015973933 | D561: =C561^2 -> 0.00025516654 | E561: =E560*(1+C561) -> 87808221 | F561: =SQRT(AVERAGE(D537:D560)) -> 0.024017132 | G561: =_xlfn.NORM.S.INV(0.99)*F561*E561 -> 4906038.7 | H561: =SQRT(AVERAGE(D512:D560)) -> 0.019101958 | I561: =_xlfn.NORM.S.INV(0.99)*H561*E561 -> 3902004 | J561: =SQRT(AVERAGE(D462:D560)) -> 0.01580688 | K561: =_xlfn.NORM.S.INV(0.99)*J561*E561 -> 3228910.4 | L561: =_xlfn.NORM.S.INV(0.99)*_xlfn.STDEV.S($C$3:$C$101)*E561 -> 5360357.3
A562: 14011028 | B562: 6774.3 | C562: =LN(B562/B561) -> -0.0097101691 | D562: =C562^2 -> 9.4287383e-05 | E562: =E561*(1+C562) -> 86955588 | F562: =SQRT(AVERAGE(D538:D561)) -> 0.023355617 | G562: =_xlfn.NORM.S.INV(0.99)*F562*E562 -> 4724583.1 | H562: =SQRT(AVERAGE(D513:D561)) -> 0.018156834 | I562: =_xlfn.NORM.S.INV(0.99)*H562*E562 -> 3672926.8 | J562: =SQRT(AVERAGE(D463:D561)) -> 0.015853797 | K562: =_xlfn.NORM.S.INV(0.99)*J562*E562 -> 3207047.9 | L562: =_xlfn.NORM.S.INV(0.99)*_xlfn.STDEV.S($C$3:$C$101)*E562 -> 5308307.4
A563: 14011101 | B563: 6631.9 | C563: =LN(B563/B562) -> -0.021244701 | D563: =C563^2 -> 0.00045133732 | E563: =E562*(1+C563) -> 85108243 | F563: =SQRT(AVERAGE(D539:D562)) -> 0.023270168 | G563: =_xlfn.NORM.S.INV(0.99)*F563*E563 -> 4607292.7 | H563: =SQRT(AVERAGE(D514:D562)) -> 0.018192762 | I563: =_xlfn.NORM.S.INV(0.99)*H563*E563 -> 3602010 | J563: =SQRT(AVERAGE(D464:D562)) -> 0.015880934 | K563: =_xlfn.NORM.S.INV(0.99)*J563*E563 -> 3144288 | L563: =_xlfn.NORM.S.INV(0.99)*_xlfn.STDEV.S($C$3:$C$101)*E563 -> 5195534
A564: 14011102 | B564: 6515.4 | C564: =LN(B564/B563) -> -0.017722734 | D564: =C564^2 -> 0.00031409529 | E564: =E563*(1+C564) -> 83599892 | F564: =SQRT(AVERAGE(D540:D563)) -> 0.023488087 | G564: =_xlfn.NORM.S.INV(0.99)*F564*E564 -> 4568020.2 | H564: =SQRT(AVERAGE(D515:D563)) -> 0.018442925 | I564: =_xlfn.NORM.S.INV(0.99)*H564*E564 -> 3586824.8 | J564: =SQRT(AVERAGE(D465:D563)) -> 0.015983783 | K564: =_xlfn.NORM.S.INV(0.99)*J564*E564 -> 3108565 | L564: =_xlfn.NORM.S.INV(0.99)*_xlfn.STDEV.S($C$3:$C$101)*E564 -> 5103454.9
A565: 14011103 | B565: 6468.7 | C565: =LN(B565/B564) -> -0.0071934445 | D565: =C565^2 -> 5.1745644e-05 | E565: =E564*(1+C565) -> 82998521 | F565: =SQRT(AVERAGE(D541:D564)) -> 0.023549822 | G565: =_xlfn.NORM.S.INV(0.99)*F565*E565 -> 4547080.5 | H565: =SQRT(AVERAGE(D516:D564)) -> 0.01860808 | I565: =_xlfn.NORM.S.INV(0.99)*H565*E565 -> 3592912 | J565: =SQRT(AVERAGE(D466:D564)) -> 0.016014664 | K565: =_xlfn.NORM.S.INV(0.99)*J565*E565 -> 3092166.4 | L565: =_xlfn.NORM.S.INV(0.99)*_xlfn.STDEV.S($C$3:$C$101)*E565 -> 5066743.5
A566: 14011104 | B566: 6341.9 | C566: =LN(B566/B565) -> -0.019796753 | D566: =C566^2 -> 0.00039191142 | E566: =E565*(1+C566) -> 81355419 | F566: =SQRT(AVERAGE(D542:D565)) -> 0.02333325 | G566: =_xlfn.NORM.S.INV(0.99)*F566*E566 -> 4416074.3 | H566: =SQRT(AVERAGE(D517:D565)) -> 0.01859295 | I566: =_xlfn.NORM.S.INV(0.99)*H566*E566 -> 3518920.5 | J566: =SQRT(AVERAGE(D467:D565)) -> 0.01602904 | K566: =_xlfn.NORM.S.INV(0.99)*J566*E566 -> 3033672.2 | L566: =_xlfn.NORM.S.INV(0.99)*_xlfn.STDEV.S($C$3:$C$101)*E566 -> 4966438.4
A567: 14011105 | B567: 6151.3 | C567: =LN(B567/B566) -> -0.030514967 | D567: =C567^2 -> 0.00093116318 | E567: =E566*(1+C567) -> 78872862 | F567: =SQRT(AVERAGE(D543:D566)) -> 0.023473432 | G567: =_xlfn.NORM.S.INV(0.99)*F567*E567 -> 4307039.5 | H567: =SQRT(AVERAGE(D518:D566)) -> 0.018770988 | I567: =_xlfn.NORM.S.INV(0.99)*H567*E567 -> 3444208.1 | J567: =SQRT(AVERAGE(D468:D566)) -> 0.016137102 | K567: =_xlfn.NORM.S.INV(0.99)*J567*E567 -> 2960927.6 | L567: =_xlfn.NORM.S.INV(0.99)*_xlfn.STDEV.S($C$3:$C$101)*E567 -> 4814887.7
A568: 14011108 | B568: 5976 | C568: =LN(B568/B567) -> -0.028911994 | D568: =C568^2 -> 0.00083590338 | E568: =E567*(1+C568) -> 76592490 | F568: =SQRT(AVERAGE(D544:D567)) -> 0.02419264 | G568: =_xlfn.NORM.S.INV(0.99)*F568*E568 -> 4310663.3 | H568: =SQRT(AVERAGE(D519:D567)) -> 0.019265403 | I568: =_xlfn.NORM.S.INV(0.99)*H568*E568 -> 3432724.5 | J568: =SQRT(AVERAGE(D469:D567)) -> 0.016425029 | K568: =_xlfn.NORM.S.INV(0.99)*J568*E568 -> 2926624.3 | L568: =_xlfn.NORM.S.INV(0.99)*_xlfn.STDEV.S($C$3:$C$101)*E568 -> 4675679.7
A569: 14011109 | B569: 5660.5 | C569: =LN(B569/B568) -> -0.05423922 | D569: =C569^2 -> 0.002941893 | E569: =E568*(1+C569) -> 72438173 | F569: =SQRT(AVERAGE(D545:D568)) -> 0.024300424 | G569: =_xlfn.NORM.S.INV(0.99)*F569*E569 -> 4095019.6 | H569: =SQRT(AVERAGE(D520:D568)) -> 0.019698952 | I569: =_xlfn.NORM.S.INV(0.99)*H569*E569 -> 3319596.3 | J569: =SQRT(AVERAGE(D470:D568)) -> 0.016591969 | K569: =_xlfn.NORM.S.INV(0.99)*J569*E569 -> 2796018.7 | L569: =_xlfn.NORM.S.INV(0.99)*_xlfn.STDEV.S($C$3:$C$101)*E569 -> 4422074.5
A570: 14011110 | B570: 5664.6 | C570: =LN(B570/B569) -> 0.00072405545 | D570: =C570^2 -> 5.2425629e-07 | E570: =E569*(1+C570) -> 72490622 | F570: =SQRT(AVERAGE(D546:D569)) -> 0.025998093 | G570: =_xlfn.NORM.S.INV(0.99)*F570*E570 -> 4384277 | H570: =SQRT(AVERAGE(D521:D569)) -> 0.021073864 | I570: =_xlfn.NORM.S.INV(0.99)*H570*E570 -> 3553862.9 | J570: =SQRT(AVERAGE(D471:D569)) -> 0.017453675 | K570: =_xlfn.NORM.S.INV(0.99)*J570*E570 -> 2943359.9 | L570: =_xlfn.NORM.S.INV(0.99)*_xlfn.STDEV.S($C$3:$C$101)*E570 -> 4425276.3
A571: 14011111 | B571: 5924 | C571: =LN(B571/B570) -> 0.044775613 | D571: =C571^2 -> 0.0020048556 | E571: =E570*(1+C571) -> 75736434 | F571: =SQRT(AVERAGE(D547:D570)) -> 0.025997528 | G571: =_xlfn.NORM.S.INV(0.99)*F571*E571 -> 4580486 | H571: =SQRT(AVERAGE(D522:D570)) -> 0.021046093 | I571: =_xlfn.NORM.S.INV(0.99)*H571*E571 -> 3708096.3 | J571: =SQRT(AVERAGE(D472:D570)) -> 0.017453717 | K571: =_xlfn.NORM.S.INV(0.99)*J571*E571 -> 3075158.1 | L571: =_xlfn.NORM.S.INV(0.99)*_xlfn.STDEV.S($C$3:$C$101)*E571 -> 4623420.8
... A584: 14011203 | B584: 6153.9 | C584: =LN(B584/B583) -> -0.022828484 | D584: =C584^2 -> 0.00052113968 | E584: =E583*(1+C584) -> 78475162 | F584: =SQRT(AVERAGE(D560:D583)) -> 0.025165176 | G584: =_xlfn.NORM.S.INV(0.99)*F584*E584 -> 4594167.7 | H584: =SQRT(AVERAGE(D535:D583)) -> 0.023740526 | I584: =_xlfn.NORM.S.INV(0.99)*H584*E584 -> 4334082.9 | J584: =SQRT(AVERAGE(D485:D583)) -> 0.018614841 | K584: =_xlfn.NORM.S.INV(0.99)*J584*E584 -> 3398335.1 | L584: =_xlfn.NORM.S.INV(0.99)*_xlfn.STDEV.S($C$3:$C$101)*E584 -> 4790609.6
A585: 14011206 | B585: 6499 | C585: =LN(B585/B584) -> 0.054562292 | D585: =C585^2 -> 0.0029770437 | E585: =E584*(1+C585) -> 82756946 | F585: =SQRT(AVERAGE(D560:D584)) -> 0.025075889 | G585: =_xlfn.NORM.S.INV(0.99)*F585*E585 -> 4827646.4 | H585: =SQRT(AVERAGE(D536:D584)) -> 0.0236908 | I585: =_xlfn.NORM.S.INV(0.99)*H585*E585 -> 4560987 | J585: =SQRT(AVERAGE(D486:D584)) -> 0.01871837 | K585: =_xlfn.NORM.S.INV(0.99)*J585*E585 -> 3603687.6 | L585: =_xlfn.NORM.S.INV(0.99)*_xlfn.STDEV.S($C$3:$C$101)*E585 -> 5051996.3
A586: 14011207 | B586: 6688.4 | C586: =LN(B586/B585) -> 0.028726364 | D586: =C586^2 -> 0.00082520397 | E586: =E585*(1+C586) -> 85134252 | F586: =SQRT(AVERAGE(D561:D585)) -> 0.025624585 | G586: =_xlfn.NORM.S.INV(0.99)*F586*E586 -> 5074997.4 | H586: =SQRT(AVERAGE(D537:D585)) -> 0.024850256 | I586: =_xlfn.NORM.S.INV(0.99)*H586*E586 -> 4921640.1 | J586: =SQRT(AVERAGE(D487:D585)) -> 0.01940615 | K586: =_xlfn.NORM.S.INV(0.99)*J586*E586 -> 3843424.6 | L586: =_xlfn.NORM.S.INV(0.99)*_xlfn.STDEV.S($C$3:$C$101)*E586 -> 5197121.8
A587: 14011208 | B587: 6654 | C587: =LN(B587/B586) -> -0.005156505 | D587: =C587^2 -> 2.6589544e-05 | E587: =E586*(1+C587) -> 84695257 | F587: =SQRT(AVERAGE(D562:D586)) -> 0.026065702 | G587: =_xlfn.NORM.S.INV(0.99)*F587*E587 -> 5135741.8 | H587: =SQRT(AVERAGE(D538:D586)) -> 0.024775382 | I587: =_xlfn.NORM.S.INV(0.99)*H587*E587 -> 4881509.1 | J587: =SQRT(AVERAGE(D488:D586)) -> 0.019481761 | K587: =_xlfn.NORM.S.INV(0.99)*J587*E587 -> 3838503.8 | L587: =_xlfn.NORM.S.INV(0.99)*_xlfn.STDEV.S($C$3:$C$101)*E587 -> 5170322.8
A588: 14011209 | B588: 6600.9 | C588: =LN(B588/B587) -> -0.0080121742 | D588: =C588^2 -> 6.4194936e-05 | E588: =E587*(1+C588) -> 84016664 | F588: =SQRT(AVERAGE(D563:D587)) -> 0.026013707 | G588: =_xlfn.NORM.S.INV(0.99)*F588*E588 -> 5084430.6 | H588: =SQRT(AVERAGE(D539:D587)) -> 0.024708026 | I588: =_xlfn.NORM.S.INV(0.99)*H588*E588 -> 4829232.8 | J588: =SQRT(AVERAGE(D489:D587)) -> 0.01948644 | K588: =_xlfn.NORM.S.INV(0.99)*J588*E588 -> 3808663.5 | L588: =_xlfn.NORM.S.INV(0.99)*_xlfn.STDEV.S($C$3:$C$101)*E588 -> 5128897.2
A589: 14011210 | B589: 6495.9 | C589: =LN(B589/B588) -> -0.016034795 | D589: =C589^2 -> 0.00025711464 | E589: =E588*(1+C589) -> 82669474 | F589: =SQRT(AVERAGE(D564:D588)) -> 0.025714339 | G589: =_xlfn.NORM.S.INV(0.99)*F589*E589 -> 4945329.1 | H589: =SQRT(AVERAGE(D540:D588)) -> 0.024649066 | I589: =_xlfn.NORM.S.INV(0.99)*H589*E589 -> 4740458 | J589: =SQRT(AVERAGE(D490:D588)) -> 0.01950277 | K589: =_xlfn.NORM.S.INV(0.99)*J589*E589 -> 3750732.9 | L589: =_xlfn.NORM.S.INV(0.99)*_xlfn.STDEV.S($C$3:$C$101)*E589 -> 5046656.4
A590: 14011213 | B590: 6471.8 | C590: =LN(B590/B589) -> -0.0037169317 | D590: =C590^2 -> 1.3815581e-05 | E590: =E589*(1+C590) -> 82362197 | F590: =SQRT(AVERAGE(D565:D589)) -> 0.025669983 | G590: =_xlfn.NORM.S.INV(0.99)*F590*E590 -> 4918448.8 | H590: =SQRT(AVERAGE(D541:D589)) -> 0.024654328 | I590: =_xlfn.NORM.S.INV(0.99)*H590*E590 -> 4723846.3 | J590: =SQRT(AVERAGE(D491:D589)) -> 0.019568759 | K590: =_xlfn.NORM.S.INV(0.99)*J590*E590 -> 3749435.4 | L590: =_xlfn.NORM.S.INV(0.99)*_xlfn.STDEV.S($C$3:$C$101)*E590 -> 5027898.3
A591: 14011214 | B591: 6616.7 | C591: =LN(B591/B590) -> 0.022142479 | D591: =C591^2 -> 0.00049028939 | E591: =E590*(1+C591) -> 84185900 | F591: =SQRT(AVERAGE(D566:D590)) -> 0.025640413 | G591: =_xlfn.NORM.S.INV(0.99)*F591*E591 -> 5021564.5 | H591: =SQRT(AVERAGE(D542:D590)) -> 0.024537494 | I591: =_xlfn.NORM.S.INV(0.99)*H591*E591 -> 4805562.5 | J591: =SQRT(AVERAGE(D492:D590)) -> 0.019532558 | K591: =_xlfn.NORM.S.INV(0.99)*J591*E591 -> 3825367.4 | L591: =_xlfn.NORM.S.INV(0.99)*_xlfn.STDEV.S($C$3:$C$101)*E591 -> 5139228.5
A592: 14011215 | B592: 6575.5 | C592: =LN(B592/B591) -> -0.0062461354 | D592: =C592^2 -> 3.9014208e-05 | E592: =E591*(1+C592) -> 83660064 | F592: =SQRT(AVERAGE(D567:D591)) -> 0.025717036 | G592: =_xlfn.NORM.S.INV(0.99)*F592*E592 -> 5005111.5 | H592: =SQRT(AVERAGE(D543:D591)) -> 0.024643663 | I592: =_xlfn.NORM.S.INV(0.99)*H592*E592 -> 4796209.2 | J592: =SQRT(AVERAGE(D493:D591)) -> 0.019654095 | K592: =_xlfn.NORM.S.INV(0.99)*J592*E592 -> 3825127.4 | L592: =_xlfn.NORM.S.INV(0.99)*_xlfn.STDEV.S($C$3:$C$101)*E592 -> 5107128.2
A593: 14011216 | B593: 6682.6 | C593: =LN(B593/B592) -> 0.016156513 | D593: =C593^2 -> 0.0002610329 | E593: =E592*(1+C593) -> 85011719 | F593: =SQRT(AVERAGE(D568:D592)) -> 0.025013596 | G593: =_xlfn.NORM.S.INV(0.99)*F593*E593 -> 4946859.5 | H593: =SQRT(AVERAGE(D544:D592)) -> 0.024614916 | I593: =_xlfn.NORM.S.INV(0.99)*H593*E593 -> 4868014 | J593: =SQRT(AVERAGE(D494:D592)) -> 0.019649276 | K593: =_xlfn.NORM.S.INV(0.99)*J593*E593 -> 3885975 | L593: =_xlfn.NORM.S.INV(0.99)*_xlfn.STDEV.S($C$3:$C$101)*E593 -> 5189641.5
A594: 14011220 | B594: 7031.4 | C594: =LN(B594/B593) -> 0.050878699 | D594: =C594^2 -> 0.002588642 | E594: =E593*(1+C594) -> 89337004 | F594: =SQRT(AVERAGE(D569:D593)) -> 0.024549646 | G594: =_xlfn.NORM.S.INV(0.99)*F594*E594 -> 5102127.3 | H594: =SQRT(AVERAGE(D545:D593)) -> 0.024427896 | I594: =_xlfn.NORM.S.INV(0.99)*H594*E594 -> 5076824 | J594: =SQRT(AVERAGE(D495:D593)) -> 0.019713631 | K594: =_xlfn.NORM.S.INV(0.99)*J594*E594 -> 4097063.2 | L594: =_xlfn.NORM.S.INV(0.99)*_xlfn.STDEV.S($C$3:$C$101)*E594 -> 5453683.8
A595: 14011221 | B595: 6934.6 | C595: =LN(B595/B594) -> -0.013862459 | D595: =C595^2 -> 0.00019216777 | E595: =E594*(1+C595) -> 88098574 | F595: =SQRT(AVERAGE(D570:D594)) -> 0.024260155 | G595: =_xlfn.NORM.S.INV(0.99)*F595*E595 -> 4972068.5 | H595: =SQRT(AVERAGE(D546:D594)) -> 0.025126414 | I595: =_xlfn.NORM.S.INV(0.99)*H595*E595 -> 5149606.6 | J595: =SQRT(AVERAGE(D496:D594)) -> 0.020365974 | K595: =_xlfn.NORM.S.INV(0.99)*J595*E595 -> 4173964.3 | L595: =_xlfn.NORM.S.INV(0.99)*_xlfn.STDEV.S($C$3:$C$101)*E595 -> 5378082.3
A596: 14011222 | B596: 6935.4 | C596: =LN(B596/B595) -> 0.00011535689 | D596: =C596^2 -> 1.3307211e-08 | E596: =E595*(1+C596) -> 88108737 | F596: =SQRT(AVERAGE(D571:D595)) -> 0.024417634 | G596: =_xlfn.NORM.S.INV(0.99)*F596*E596 -> 5004920.8 | H596: =SQRT(AVERAGE(D547:D595)) -> 0.025203837 | I596: =_xlfn.NORM.S.INV(0.99)*H596*E596 -> 5166070 | J596: =SQRT(AVERAGE(D497:D595)) -> 0.020409764 | K596: =_xlfn.NORM.S.INV(0.99)*J596*E596 -> 4183421.4 | L596: =_xlfn.NORM.S.INV(0.99)*_xlfn.STDEV.S($C$3:$C$101)*E596 -> 5378702.7
... A609: 14020119 | B609: 8459.5 | C609: =LN(B609/B608) -> 0.037468481 | D609: =C609^2 -> 0.0014038871 | E609: =E608*(1+C609) -> 1.0714963e+08 | F609: =SQRT(AVERAGE(D584:D608)) -> 0.022765958 | G609: =_xlfn.NORM.S.INV(0.99)*F609*E609 -> 5674809.2 | H609: =SQRT(AVERAGE(D560:D608)) -> 0.023971108 | I609: =_xlfn.NORM.S.INV(0.99)*H609*E609 -> 5975213.6 | J609: =SQRT(AVERAGE(D510:D608)) -> 0.021218919 | K609: =_xlfn.NORM.S.INV(0.99)*J609*E609 -> 5289182.9 | L609: =_xlfn.NORM.S.INV(0.99)*_xlfn.STDEV.S($C$3:$C$101)*E609 -> 6541076.5
A610: 14020120 | B610: 8431.9 | C610: =LN(B610/B609) -> -0.0032679381 | D610: =C610^2 -> 1.0679419e-05 | E610: =E609*(1+C610) -> 1.0679947e+08 | F610: =SQRT(AVERAGE(D585:D609)) -> 0.023528679 | G610: =_xlfn.NORM.S.INV(0.99)*F610*E610 -> 5845764.4 | H610: =SQRT(AVERAGE(D560:D609)) -> 0.024314594 | I610: =_xlfn.NORM.S.INV(0.99)*H610*E610 -> 6041027 | J610: =SQRT(AVERAGE(D511:D609)) -> 0.021402605 | K610: =_xlfn.NORM.S.INV(0.99)*J610*E610 -> 5317535.3 | L610: =_xlfn.NORM.S.INV(0.99)*_xlfn.STDEV.S($C$3:$C$101)*E610 -> 6519700.7
A611: 14020121 | B611: 8170.2 | C611: =LN(B611/B610) -> -0.031528744 | D611: =C611^2 -> 0.00099406168 | E611: =E610*(1+C611) -> 1.0343222e+08 | F611: =SQRT(AVERAGE(D586:D610)) -> 0.020855316 | G611: =_xlfn.NORM.S.INV(0.99)*F611*E611 -> 5018191.8 | H611: =SQRT(AVERAGE(D561:D610)) -> 0.023361973 | I611: =_xlfn.NORM.S.INV(0.99)*H611*E611 -> 5621341.9 | J611: =SQRT(AVERAGE(D512:D610)) -> 0.021359937 | K611: =_xlfn.NORM.S.INV(0.99)*J611*E611 -> 5139613.4 | L611: =_xlfn.NORM.S.INV(0.99)*_xlfn.STDEV.S($C$3:$C$101)*E611 -> 6314142.7
A612: 14020122 | B612: 8047.7 | C612: =LN(B612/B611) -> -0.015107052 | D612: =C612^2 -> 0.00022822302 | E612: =E611*(1+C612) -> 1.0186966e+08 | F612: =SQRT(AVERAGE(D587:D611)) -> 0.021016624 | G612: =_xlfn.NORM.S.INV(0.99)*F612*E612 -> 4980609.3 | H612: =SQRT(AVERAGE(D562:D611)) -> 0.023676141 | I612: =_xlfn.NORM.S.INV(0.99)*H612*E612 -> 5610873 | J612: =SQRT(AVERAGE(D513:D611)) -> 0.02112537 | K612: =_xlfn.NORM.S.INV(0.99)*J612*E612 -> 5006380.3 | L612: =_xlfn.NORM.S.INV(0.99)*_xlfn.STDEV.S($C$3:$C$101)*E612 -> 6218754.6
A613: 14020126 | B613: 8463.8 | C613: =LN(B613/B612) -> 0.050411909 | D613: =C613^2 -> 0.0025413606 | E613: =E612*(1+C613) -> 1.070051e+08 | F613: =SQRT(AVERAGE(D588:D612)) -> 0.021207636 | G613: =_xlfn.NORM.S.INV(0.99)*F613*E613 -> 5279240.1 | H613: =SQRT(AVERAGE(D563:D612)) -> 0.023732644 | I613: =_xlfn.NORM.S.INV(0.99)*H613*E613 -> 5907793 | J613: =SQRT(AVERAGE(D514:D612)) -> 0.021172636 | K613: =_xlfn.NORM.S.INV(0.99)*J613*E613 -> 5270527.6 | L613: =_xlfn.NORM.S.INV(0.99)*_xlfn.STDEV.S($C$3:$C$101)*E613 -> 6532253.9
A614: 14020127 | B614: 8536.9 | C614: =LN(B614/B613) -> 0.0085996989 | D614: =C614^2 -> 7.3954821e-05 | E614: =E613*(1+C614) -> 1.0792532e+08 | F614: =SQRT(AVERAGE(D589:D613)) -> 0.023427558 | G614: =_xlfn.NORM.S.INV(0.99)*F614*E614 -> 5881999.8 | H614: =SQRT(AVERAGE(D564:D613)) -> 0.024597537 | I614: =_xlfn.NORM.S.INV(0.99)*H614*E614 -> 6175748.7 | J614: =SQRT(AVERAGE(D515:D613)) -> 0.021769888 | K614: =_xlfn.NORM.S.INV(0.99)*J614*E614 -> 5465805.6 | L614: =_xlfn.NORM.S.INV(0.99)*_xlfn.STDEV.S($C$3:$C$101)*E614 -> 6588429.4
A615: 14020128 | B615: 8763.3 | C615: =LN(B615/B614) -> 0.026174602 | D615: =C615^2 -> 0.00068510979 | E615: =E614*(1+C615) -> 1.1075022e+08 | F615: =SQRT(AVERAGE(D590:D614)) -> 0.02327067 | G615: =_xlfn.NORM.S.INV(0.99)*F615*E615 -> 5995537.6 | H615: =SQRT(AVERAGE(D565:D614)) -> 0.024499715 | I615: =_xlfn.NORM.S.INV(0.99)*H615*E615 -> 6312193.2 | J615: =SQRT(AVERAGE(D516:D614)) -> 0.021783734 | K615: =_xlfn.NORM.S.INV(0.99)*J615*E615 -> 5612438.1 | L615: =_xlfn.NORM.S.INV(0.99)*_xlfn.STDEV.S($C$3:$C$101)*E615 -> 6760878.9
A616: 14020129 | B616: 9122.3 | C616: =LN(B616/B615) -> 0.040149419 | D616: =C616^2 -> 0.0016119758 | E616: =E615*(1+C616) -> 1.1519678e+08 | F616: =SQRT(AVERAGE(D591:D615)) -> 0.023840634 | G616: =_xlfn.NORM.S.INV(0.99)*F616*E616 -> 6388998.4 | H616: =SQRT(AVERAGE(D566:D615)) -> 0.024756884 | I616: =_xlfn.NORM.S.INV(0.99)*H616*E616 -> 6634542.3 | J616: =SQRT(AVERAGE(D517:D615)) -> 0.021923733 | K616: =_xlfn.NORM.S.INV(0.99)*J616*E616 -> 5875292.5 | L616: =_xlfn.NORM.S.INV(0.99)*_xlfn.STDEV.S($C$3:$C$101)*E616 -> 7032324.2
A617: 14020130 | B617: 9046.7 | C617: =LN(B617/B616) -> -0.0083219149 | D617: =C617^2 -> 6.9254268e-05 | E617: =E616*(1+C617) -> 1.1423812e+08 | F617: =SQRT(AVERAGE(D592:D616)) -> 0.02476375 | G617: =_xlfn.NORM.S.INV(0.99)*F617*E617 -> 6581154.7 | H617: =SQRT(AVERAGE(D567:D616)) -> 0.025244893 | I617: =_xlfn.NORM.S.INV(0.99)*H617*E617 -> 6709022.1 | J617: =SQRT(AVERAGE(D518:D616)) -> 0.022277039 | K617: =_xlfn.NORM.S.INV(0.99)*J617*E617 -> 5920292.4 | L617: =_xlfn.NORM.S.INV(0.99)*_xlfn.STDEV.S($C$3:$C$101)*E617 -> 6973801.8
A618: 14020204 | B618: 9013.7 | C618: =LN(B618/B617) -> -0.0036544082 | D618: =C618^2 -> 1.3354699e-05 | E618: =E617*(1+C618) -> 1.1382064e+08 | F618: =SQRT(AVERAGE(D593:D617)) -> 0.02478816 | G618: =_xlfn.NORM.S.INV(0.99)*F618*E618 -> 6563568.1 | H618: =SQRT(AVERAGE(D568:D617)) -> 0.024901133 | I618: =_xlfn.NORM.S.INV(0.99)*H618*E618 -> 6593481.7 | J618: =SQRT(AVERAGE(D519:D617)) -> 0.022290541 | K618: =_xlfn.NORM.S.INV(0.99)*J618*E618 -> 5902232.4 | L618: =_xlfn.NORM.S.INV(0.99)*_xlfn.STDEV.S($C$3:$C$101)*E618 -> 6948316.7
A619: 14020205 | B619: 9072.5 | C619: =LN(B619/B618) -> 0.006502218 | D619: =C619^2 -> 4.2278838e-05 | E619: =E618*(1+C619) -> 1.1456073e+08 | F619: =SQRT(AVERAGE(D594:D618)) -> 0.024587512 | G619: =_xlfn.NORM.S.INV(0.99)*F619*E619 -> 6552771.6 | H619: =SQRT(AVERAGE(D569:D618)) -> 0.024568587 | I619: =_xlfn.NORM.S.INV(0.99)*H619*E619 -> 6547727.7 | J619: =SQRT(AVERAGE(D520:D618)) -> 0.022291721 | K619: =_xlfn.NORM.S.INV(0.99)*J619*E619 -> 5940924.4 | L619: =_xlfn.NORM.S.INV(0.99)*_xlfn.STDEV.S($C$3:$C$101)*E619 -> 6993496.2
A620: 14020206 | B620: 8893.1 | C620: =LN(B620/B619) -> -0.019972165 | D620: =C620^2 -> 0.00039888737 | E620: =E619*(1+C620) -> 1.1227271e+08 | F620: =SQRT(AVERAGE(D595:D619)) -> 0.022420777 | G620: =_xlfn.NORM.S.INV(0.99)*F620*E620 -> 5855978.9 | H620: =SQRT(AVERAGE(D570:D619)) -> 0.023358578 | I620: =_xlfn.NORM.S.INV(0.99)*H620*E620 -> 6100918.9 | J620: =SQRT(AVERAGE(D521:D619)) -> 0.022257093 | K620: =_xlfn.NORM.S.INV(0.99)*J620*E620 -> 5813226.9 | L620: =_xlfn.NORM.S.INV(0.99)*_xlfn.STDEV.S($C$3:$C$101)*E620 -> 6853820.9
A621: 14020209 | B621: 8961.8 | C621: =LN(B621/B620) -> 0.0076954045 | D621: =C621^2 -> 5.9219251e-05 | E621: =E620*(1+C621) -> 1.1313669e+08 | F621: =SQRT(AVERAGE(D596:D620)) -> 0.022604425 | G621: =_xlfn.NORM.S.INV(0.99)*F621*E621 -> 5949378.3 | H621: =SQRT(AVERAGE(D571:D620)) -> 0.023528503 | I621: =_xlfn.NORM.S.INV(0.99)*H621*E621 -> 6192591.2 | J621: =SQRT(AVERAGE(D522:D620)) -> 0.022334348 | K621: =_xlfn.NORM.S.INV(0.99)*J621*E621 -> 5878295.3 | L621: =_xlfn.NORM.S.INV(0.99)*_xlfn.STDEV.S($C$3:$C$101)*E621 -> 6906563.8
... A659: 14020404 | B659: 9298.7 | C659: =LN(B659/B658) -> -0.024118804 | D659: =C659^2 -> 0.00058171669 | E659: =E658*(1+C659) -> 1.1590119e+08 | F659: =SQRT(AVERAGE(D634:D658)) -> 0.019726107 | G659: =_xlfn.NORM.S.INV(0.99)*F659*E659 -> 5318681 | H659: =SQRT(AVERAGE(D609:D658)) -> 0.025667287 | I659: =_xlfn.NORM.S.INV(0.99)*H659*E659 -> 6920580.6 | J659: =SQRT(AVERAGE(D560:D658)) -> 0.024842243 | K659: =_xlfn.NORM.S.INV(0.99)*J659*E659 -> 6698127 | L659: =_xlfn.NORM.S.INV(0.99)*_xlfn.STDEV.S($C$3:$C$101)*E659 -> 7075326.3
A660: 14020405 | B660: 9247.6 | C660: =LN(B660/B659) -> -0.005510547 | D660: =C660^2 -> 3.0366129e-05 | E660: =E659*(1+C660) -> 1.1526251e+08 | F660: =SQRT(AVERAGE(D635:D659)) -> 0.018214751 | G660: =_xlfn.NORM.S.INV(0.99)*F660*E660 -> 4884116.1 | H660: =SQRT(AVERAGE(D610:D659)) -> 0.025344944 | I660: =_xlfn.NORM.S.INV(0.99)*H660*E660 -> 6796011.3 | J660: =SQRT(AVERAGE(D560:D659)) -> 0.024835113 | K660: =_xlfn.NORM.S.INV(0.99)*J660*E660 -> 6659304.8 | L660: =_xlfn.NORM.S.INV(0.99)*_xlfn.STDEV.S($C$3:$C$101)*E660 -> 7036337.4
A661: 14020406 | B661: 9288.1 | C661: =LN(B661/B660) -> 0.0043699525 | D661: =C661^2 -> 1.9096485e-05 | E661: =E660*(1+C661) -> 1.1576621e+08 | F661: =SQRT(AVERAGE(D636:D660)) -> 0.018201731 | G661: =_xlfn.NORM.S.INV(0.99)*F661*E661 -> 4901953 | H661: =SQRT(AVERAGE(D611:D660)) -> 0.025352711 | I661: =_xlfn.NORM.S.INV(0.99)*H661*E661 -> 6827801.1 | J661: =SQRT(AVERAGE(D561:D660)) -> 0.024377671 | K661: =_xlfn.NORM.S.INV(0.99)*J661*E661 -> 6565210.8 | L661: =_xlfn.NORM.S.INV(0.99)*_xlfn.STDEV.S($C$3:$C$101)*E661 -> 7067085.8
A662: 14020407 | B662: 9332.2 | C662: =LN(B662/B661) -> 0.0047367746 | D662: =C662^2 -> 2.2437034e-05 | E662: =E661*(1+C662) -> 1.1631456e+08 | F662: =SQRT(AVERAGE(D637:D661)) -> 0.017864108 | G662: =_xlfn.NORM.S.INV(0.99)*F662*E662 -> 4833815.8 | H662: =SQRT(AVERAGE(D612:D661)) -> 0.024965189 | I662: =_xlfn.NORM.S.INV(0.99)*H662*E662 -> 6755283.9 | J662: =SQRT(AVERAGE(D562:D661)) -> 0.024329204 | K662: =_xlfn.NORM.S.INV(0.99)*J662*E662 -> 6583194 | L662: =_xlfn.NORM.S.INV(0.99)*_xlfn.STDEV.S($C$3:$C$101)*E662 -> 7100561
A663: 14020410 | B663: 9304.4 | C663: =LN(B663/B662) -> -0.002983379 | D663: =C663^2 -> 8.9005503e-06 | E663: =E662*(1+C663) -> 1.1596755e+08 | F663: =SQRT(AVERAGE(D638:D662)) -> 0.015452898 | G663: =_xlfn.NORM.S.INV(0.99)*F663*E663 -> 4168896.4 | H663: =SQRT(AVERAGE(D613:D662)) -> 0.024882623 | I663: =_xlfn.NORM.S.INV(0.99)*H663*E663 -> 6712855.7 | J663: =SQRT(AVERAGE(D563:D662)) -> 0.024314433 | K663: =_xlfn.NORM.S.INV(0.99)*J663*E663 -> 6559568.9 | L663: =_xlfn.NORM.S.INV(0.99)*_xlfn.STDEV.S($C$3:$C$101)*E663 -> 7079377.3
A664: 14020411 | B664: 9329.8 | C664: =LN(B664/B663) -> 0.0027261718 | D664: =C664^2 -> 7.4320129e-06 | E664: =E663*(1+C664) -> 1.162837e+08 | F664: =SQRT(AVERAGE(D639:D663)) -> 0.015382229 | G664: =_xlfn.NORM.S.INV(0.99)*F664*E664 -> 4161144.2 | H664: =SQRT(AVERAGE(D614:D663)) -> 0.023843148 | I664: =_xlfn.NORM.S.INV(0.99)*H664*E664 -> 6449961.2 | J664: =SQRT(AVERAGE(D564:D663)) -> 0.02422328 | K664: =_xlfn.NORM.S.INV(0.99)*J664*E664 -> 6552793 | L664: =_xlfn.NORM.S.INV(0.99)*_xlfn.STDEV.S($C$3:$C$101)*E664 -> 7098676.9
A665: 14020412 | B665: 9343.3 | C665: =LN(B665/B664) -> 0.0014459305 | D665: =C665^2 -> 2.090715e-06 | E665: =E664*(1+C665) -> 1.1645184e+08 | F665: =SQRT(AVERAGE(D640:D664)) -> 0.015284728 | G665: =_xlfn.NORM.S.INV(0.99)*F665*E665 -> 4140747.4 | H665: =SQRT(AVERAGE(D615:D664)) -> 0.023815232 | I665: =_xlfn.NORM.S.INV(0.99)*H665*E665 -> 6451724.6 | J665: =SQRT(AVERAGE(D565:D664)) -> 0.024159898 | K665: =_xlfn.NORM.S.INV(0.99)*J665*E665 -> 6545097.2 | L665: =_xlfn.NORM.S.INV(0.99)*_xlfn.STDEV.S($C$3:$C$101)*E665 -> 7108941.1
...

Sheet EMA
A1: تاریخ | B1: شاخص قیمت | C1: بازدهی | D1: مجذور بازدهی | E1: میانگین متحرک 25 | F1: ـ | G1: λ | H1: میانگین متحرک نمایی | I1: STD
A2: 13990631 | B2: 8809 | F2: τ | G2: 0.94
A3: 13990701 | B3: 8640.1 | C3: =LN(B3/B2) -> -0.019359769 | D3: =C3^2 -> 0.00037480067 | F3: 25 | G3: =($G$2^(F3-1))*D3 -> 8.4892406e-05
A4: 13990702 | B4: 8759.6 | C4: =LN(B4/B3) -> 0.013736085 | D4: =C4^2 -> 0.00018868003 | F4: 24 | G4: =($G$2^(F4-1))*D4 -> 4.5463888e-05
A5: 13990705 | B5: 8735.8 | C5: =LN(B5/B4) -> -0.0027207168 | D5: =C5^2 -> 7.4023001e-06 | F5: 23 | G5: =($G$2^(F5-1))*D5 -> 1.8974899e-06
A6: 13990706 | B6: 8526.7 | C6: =LN(B6/B5) -> -0.024227108 | D6: =C6^2 -> 0.00058695277 | F6: 22 | G6: =($G$2^(F6-1))*D6 -> 0.00016006194
A7: 13990707 | B7: 8158.8 | C7: =LN(B7/B6) -> -0.044105317 | D7: =C7^2 -> 0.001945279 | F7: 21 | G7: =($G$2^(F7-1))*D7 -> 0.00056433759
A8: 13990708 | B8: 7935.7 | C8: =LN(B8/B7) -> -0.027725532 | D8: =C8^2 -> 0.00076870515 | F8: 20 | G8: =($G$2^(F8-1))*D8 -> 0.0002372406
A9: 13990709 | B9: 7966.4 | C9: =LN(B9/B8) -> 0.0038611301 | D9: =C9^2 -> 1.4908325e-05 | F9: 19 | G9: =($G$2^(F9-1))*D9 -> 4.8947467e-06
A10: 13990712 | B10: 8310.6 | C10: =LN(B10/B9) -> 0.042299112 | D10: =C10^2 -> 0.0017892148 | F10: 18 | G10: =($G$2^(F10-1))*D10 -> 0.00062493666
A11: 13990713 | B11: 8390.1 | C11: =LN(B11/B10) -> 0.0095206309 | D11: =C11^2 -> 9.0642413e-05 | F11: 17 | G11: =($G$2^(F11-1))*D11 -> 3.368039e-05
A12: 13990714 | B12: 8365.4 | C12: =LN(B12/B11) -> -0.0029482878 | D12: =C12^2 -> 8.6924008e-06 | F12: 16 | G12: =($G$2^(F12-1))*D12 -> 3.4360347e-06
A13: 13990715 | B13: 8718.8 | C13: =LN(B13/B12) -> 0.041377462 | D13: =C13^2 -> 0.0017120944 | F13: 15 | G13: =($G$2^(F13-1))*D13 -> 0.00071997539
A14: 13990716 | B14: 9037.1 | C14: =LN(B14/B13) -> 0.035856713 | D14: =C14^2 -> 0.0012857038 | F14: 14 | G14: =($G$2^(F14-1))*D14 -> 0.00057517902
... A27: 13990807 | B27: 7307.3 | C27: =LN(B27/B26) -> -0.020614539 | D27: =C27^2 -> 0.00042495923 | F27: 1 | G27: =($G$2^(F27-1))*D27 -> 0.00042495923
A28: 13990810 | B28: 7538.9 | C28: =LN(B28/B27) -> 0.031202434 | D28: =C28^2 -> 0.00097359191 | E28: =SQRT(AVERAGE(D3:D27)) -> 0.030314423 | H28: =SUM(G3:G27)*(1-G2) -> 0.00078442206 | I28: =SQRT(H28) -> 0.028007536
A29: 13990811 | B29: 7360.4 | C29: =LN(B29/B28) -> -0.023962004 | D29: =C29^2 -> 0.00057417762 | E29: =SQRT(AVERAGE(D4:D28)) -> 0.030706936 | H29: =($G$2*H28)+((1-$G$2)*D28) -> 0.00079577225 | I29: =SQRT(H29) -> 0.028209436
A30: 13990812 | B30: 7300.5 | C30: =LN(B30/B29) -> -0.0081714401 | D30: =C30^2 -> 6.6772434e-05 | E30: =SQRT(AVERAGE(D5:D29)) -> 0.030956999 | H30: =($G$2*H29)+((1-$G$2)*D29) -> 0.00078247658 | I30: =SQRT(H30) -> 0.027972783
A31: 13990814 | B31: 7353.6 | C31: =LN(B31/B30) -> 0.0072471503 | D31: =C31^2 -> 5.2521187e-05 | E31: =SQRT(AVERAGE(D6:D30)) -> 0.030995332 | H31: =($G$2*H30)+((1-$G$2)*D30) -> 0.00073953433 | I31: =SQRT(H31) -> 0.02719438
A32: 13990817 | B32: 7191.6 | C32: =LN(B32/B31) -> -0.022276311 | D32: =C32^2 -> 0.00049623403 | E32: =SQRT(AVERAGE(D7:D31)) -> 0.030648546 | H32: =($G$2*H31)+((1-$G$2)*D31) -> 0.00069831354 | I32: =SQRT(H32) -> 0.026425623
A33: 13990818 | B33: 6975.4 | C33: =LN(B33/B32) -> -0.030524005 | D33: =C33^2 -> 0.00093171485 | E33: =SQRT(AVERAGE(D8:D32)) -> 0.029687902 | H33: =($G$2*H32)+((1-$G$2)*D32) -> 0.00068618877 | I33: =SQRT(H33) -> 0.026195205
A34: 13990819 | B34: 6769.1 | C34: =LN(B34/B33) -> -0.030021535 | D34: =C34^2 -> 0.00090129257 | E34: =SQRT(AVERAGE(D9:D33)) -> 0.029797516 | H34: =($G$2*H33)+((1-$G$2)*D33) -> 0.00070092033 | I34: =SQRT(H34) -> 0.0264749
A35: 13990820 | B35: 6707.4 | C35: =LN(B35/B34) -> -0.0091567441 | D35: =C35^2 -> 8.3845963e-05 | E35: =SQRT(AVERAGE(D10:D34)) -> 0.03038663 | H35: =($G$2*H34)+((1-$G$2)*D34) -> 0.00071294267 | I35: =SQRT(H35) -> 0.026700986
A36: 13990821 | B36: 6729.8 | C36: =LN(B36/B35) -> 0.003334031 | D36: =C36^2 -> 1.1115763e-05 | E36: =SQRT(AVERAGE(D11:D35)) -> 0.02924265 | H36: =($G$2*H35)+((1-$G$2)*D35) -> 0.00067519687 | I36: =SQRT(H36) -> 0.025984551
A37: 13990824 | B37: 6975.6 | C37: =LN(B37/B36) -> 0.03587292 | D37: =C37^2 -> 0.0012868664 | E37: =SQRT(AVERAGE(D12:D36)) -> 0.029188208 | H37: =($G$2*H36)+((1-$G$2)*D36) -> 0.000635352 | I37: =SQRT(H37) -> 0.02520619
A38: 13990825 | B38: 7146.4 | C38: =LN(B38/B37) -> 0.024190388 | D38: =C38^2 -> 0.00058517487 | E38: =SQRT(AVERAGE(D13:D37)) -> 0.030051264 | H38: =($G$2*H37)+((1-$G$2)*D37) -> 0.00067444286 | I38: =SQRT(H38) -> 0.025970038
A39: 13990826 | B39: 7348 | C39: =LN(B39/B38) -> 0.027819434 | D39: =C39^2 -> 0.00077392091 | E39: =SQRT(AVERAGE(D14:D38)) -> 0.029291665 | H39: =($G$2*H38)+((1-$G$2)*D38) -> 0.00066908678 | I39: =SQRT(H39) -> 0.025866712
A40: 13990827 | B40: 7599.1 | C40: =LN(B40/B39) -> 0.033601652 | D40: =C40^2 -> 0.001129071 | E40: =SQRT(AVERAGE(D15:D39)) -> 0.028940117 | H40: =($G$2*H39)+((1-$G$2)*D39) -> 0.00067537683 | I40: =SQRT(H40) -> 0.025988013
... A127: 14000110 | B127: 7447.9 | C127: =LN(B127/B126) -> -0.0057968849 | D127: =C127^2 -> 3.3603874e-05 | E127: =SQRT(AVERAGE(D102:D126)) -> 0.013414582 | H127: =($G$2*H126)+((1-$G$2)*D126) -> 0.00033333863 | I127: =SQRT(H127) -> 0.018257564

Sheet VaR02
A1: تاریخ | B1: شاخص قیمت | C1: بازدهی | D1: مجذور بازدهی | E1: میانگین متحرک 25 | F1: ـ | G1: λ | H1: میانگین متحرک نمایی | I1: STD | J1: ارزش بازار | K1: VaR 25 | L1: VaR Ex
A2: 13990631 | B2: 8809 | F2: τ | G2: 0.94
A3: 13990701 | B3: 8640.1 | C3: =LN(B3/B2) -> -0.019359769 | D3: =C3^2 -> 0.00037480067 | F3: 25 | G3: =($G$2^(F3-1))*D3 -> 8.4892406e-05
A4: 13990702 | B4: 8759.6 | C4: =LN(B4/B3) -> 0.013736085 | D4: =C4^2 -> 0.00018868003 | F4: 24 | G4: =($G$2^(F4-1))*D4 -> 4.5463888e-05
A5: 13990705 | B5: 8735.8 | C5: =LN(B5/B4) -> -0.0027207168 | D5: =C5^2 -> 7.4023001e-06 | F5: 23 | G5: =($G$2^(F5-1))*D5 -> 1.8974899e-06
A6: 13990706 | B6: 8526.7 | C6: =LN(B6/B5) -> -0.024227108 | D6: =C6^2 -> 0.00058695277 | F6: 22 | G6: =($G$2^(F6-1))*D6 -> 0.00016006194
A7: 13990707 | B7: 8158.8 | C7: =LN(B7/B6) -> -0.044105317 | D7: =C7^2 -> 0.001945279 | F7: 21 | G7: =($G$2^(F7-1))*D7 -> 0.00056433759
A8: 13990708 | B8: 7935.7 | C8: =LN(B8/B7) -> -0.027725532 | D8: =C8^2 -> 0.00076870515 | F8: 20 | G8: =($G$2^(F8-1))*D8 -> 0.0002372406
A9: 13990709 | B9: 7966.4 | C9: =LN(B9/B8) -> 0.0038611301 | D9: =C9^2 -> 1.4908325e-05 | F9: 19 | G9: =($G$2^(F9-1))*D9 -> 4.8947467e-06
A10: 13990712 | B10: 8310.6 | C10: =LN(B10/B9) -> 0.042299112 | D10: =C10^2 -> 0.0017892148 | F10: 18 | G10: =($G$2^(F10-1))*D10 -> 0.00062493666
A11: 13990713 | B11: 8390.1 | C11: =LN(B11/B10) -> 0.0095206309 | D11: =C11^2 -> 9.0642413e-05 | F11: 17 | G11: =($G$2^(F11-1))*D11 -> 3.368039e-05
A12: 13990714 | B12: 8365.4 | C12: =LN(B12/B11) -> -0.0029482878 | D12: =C12^2 -> 8.6924008e-06 | F12: 16 | G12: =($G$2^(F12-1))*D12 -> 3.4360347e-06
A13: 13990715 | B13: 8718.8 | C13: =LN(B13/B12) -> 0.041377462 | D13: =C13^2 -> 0.0017120944 | F13: 15 | G13: =($G$2^(F13-1))*D13 -> 0.00071997539
A14: 13990716 | B14: 9037.1 | C14: =LN(B14/B13) -> 0.035856713 | D14: =C14^2 -> 0.0012857038 | F14: 14 | G14: =($G$2^(F14-1))*D14 -> 0.00057517902
... A26: 13990806 | B26: 7459.5 | C26: =LN(B26/B25) -> -0.026393039 | D26: =C26^2 -> 0.00069659251 | F26: 2 | G26: =($G$2^(F26-1))*D26 -> 0.00065479696
A27: 13990807 | B27: 7307.3 | C27: =LN(B27/B26) -> -0.020614539 | D27: =C27^2 -> 0.00042495923 | F27: 1 | G27: =($G$2^(F27-1))*D27 -> 0.00042495923 | J27: 100000000
A28: 13990810 | B28: 7538.9 | C28: =LN(B28/B27) -> 0.031202434 | D28: =C28^2 -> 0.00097359191 | E28: =SQRT(AVERAGE(D3:D27)) -> 0.030314423 | H28: =SUM(G3:G27)*(1-G2) -> 0.00078442206 | I28: =SQRT(H28) -> 0.028007536 | J28: =J27*(1+C27) -> 97938546 | K28: =_xlfn.NORM.S.INV(0.99)*E28*J28 -> 6906811.8 | L28: =_xlfn.NORM.S.INV(0.99)*I28*J28 -> 6381212.6
A29: 13990811 | B29: 7360.4 | C29: =LN(B29/B28) -> -0.023962004 | D29: =C29^2 -> 0.00057417762 | E29: =SQRT(AVERAGE(D4:D28)) -> 0.030706936 | H29: =($G$2*H28)+((1-$G$2)*D28) -> 0.00079577225 | I29: =SQRT(H29) -> 0.028209436 | J29: =J28*(1+C28) -> 1.0099447e+08 | K29: =_xlfn.NORM.S.INV(0.99)*E29*J29 -> 7214541.3 | L29: =_xlfn.NORM.S.INV(0.99)*I29*J29 -> 6627757.9
A30: 13990812 | B30: 7300.5 | C30: =LN(B30/B29) -> -0.0081714401 | D30: =C30^2 -> 6.6772434e-05 | E30: =SQRT(AVERAGE(D5:D29)) -> 0.030956999 | H30: =($G$2*H29)+((1-$G$2)*D29) -> 0.00078247658 | I30: =SQRT(H30) -> 0.027972783 | J30: =J29*(1+C29) -> 98574437 | K30: =_xlfn.NORM.S.INV(0.99)*E30*J30 -> 7099010.6 | L30: =_xlfn.NORM.S.INV(0.99)*I30*J30 -> 6414674.7
A31: 13990814 | B31: 7353.6 | C31: =LN(B31/B30) -> 0.0072471503 | D31: =C31^2 -> 5.2521187e-05 | E31: =SQRT(AVERAGE(D6:D30)) -> 0.030995332 | H31: =($G$2*H30)+((1-$G$2)*D30) -> 0.00073953433 | I31: =SQRT(H31) -> 0.02719438 | J31: =J30*(1+C30) -> 97768942 | K31: =_xlfn.NORM.S.INV(0.99)*E31*J31 -> 7049720 | L31: =_xlfn.NORM.S.INV(0.99)*I31*J31 -> 6185214.2
A32: 13990817 | B32: 7191.6 | C32: =LN(B32/B31) -> -0.022276311 | D32: =C32^2 -> 0.00049623403 | E32: =SQRT(AVERAGE(D7:D31)) -> 0.030648546 | H32: =($G$2*H31)+((1-$G$2)*D31) -> 0.00069831354 | I32: =SQRT(H32) -> 0.026425623 | J32: =J31*(1+C31) -> 98477488 | K32: =_xlfn.NORM.S.INV(0.99)*E32*J32 -> 7021364.1 | L32: =_xlfn.NORM.S.INV(0.99)*I32*J32 -> 6053922.4
A33: 13990818 | B33: 6975.4 | C33: =LN(B33/B32) -> -0.030524005 | D33: =C33^2 -> 0.00093171485 | E33: =SQRT(AVERAGE(D8:D32)) -> 0.029687902 | H33: =($G$2*H32)+((1-$G$2)*D32) -> 0.00068618877 | I33: =SQRT(H33) -> 0.026195205 | J33: =J32*(1+C32) -> 96283773 | K33: =_xlfn.NORM.S.INV(0.99)*E33*J33 -> 6649779.9 | L33: =_xlfn.NORM.S.INV(0.99)*I33*J33 -> 5867452.2
A34: 13990819 | B34: 6769.1 | C34: =LN(B34/B33) -> -0.030021535 | D34: =C34^2 -> 0.00090129257 | E34: =SQRT(AVERAGE(D9:D33)) -> 0.029797516 | H34: =($G$2*H33)+((1-$G$2)*D33) -> 0.00070092033 | I34: =SQRT(H34) -> 0.0264749 | J34: =J33*(1+C33) -> 93344807 | K34: =_xlfn.NORM.S.INV(0.99)*E34*J34 -> 6470604.8 | L34: =_xlfn.NORM.S.INV(0.99)*I34*J34 -> 5749090.6
A35: 13990820 | B35: 6707.4 | C35: =LN(B35/B34) -> -0.0091567441 | D35: =C35^2 -> 8.3845963e-05 | E35: =SQRT(AVERAGE(D10:D34)) -> 0.03038663 | H35: =($G$2*H34)+((1-$G$2)*D34) -> 0.00071294267 | I35: =SQRT(H35) -> 0.026700986 | J35: =J34*(1+C34) -> 90542453 | K35: =_xlfn.NORM.S.INV(0.99)*E35*J35 -> 6400434.5 | L35: =_xlfn.NORM.S.INV(0.99)*I35*J35 -> 5624115.3
A36: 13990821 | B36: 6729.8 | C36: =LN(B36/B35) -> 0.003334031 | D36: =C36^2 -> 1.1115763e-05 | E36: =SQRT(AVERAGE(D11:D35)) -> 0.02924265 | H36: =($G$2*H35)+((1-$G$2)*D35) -> 0.00067519687 | I36: =SQRT(H36) -> 0.025984551 | J36: =J35*(1+C35) -> 89713378 | K36: =_xlfn.NORM.S.INV(0.99)*E36*J36 -> 6103073.4 | L36: =_xlfn.NORM.S.INV(0.99)*I36*J36 -> 5423093.3
A37: 13990824 | B37: 6975.6 | C37: =LN(B37/B36) -> 0.03587292 | D37: =C37^2 -> 0.0012868664 | E37: =SQRT(AVERAGE(D12:D36)) -> 0.029188208 | H37: =($G$2*H36)+((1-$G$2)*D36) -> 0.000635352 | I37: =SQRT(H37) -> 0.02520619 | J37: =J36*(1+C36) -> 90012486 | K37: =_xlfn.NORM.S.INV(0.99)*E37*J37 -> 6112021.1 | L37: =_xlfn.NORM.S.INV(0.99)*I37*J37 -> 5278185.1
A38: 13990825 | B38: 7146.4 | C38: =LN(B38/B37) -> 0.024190388 | D38: =C38^2 -> 0.00058517487 | E38: =SQRT(AVERAGE(D13:D37)) -> 0.030051264 | H38: =($G$2*H37)+((1-$G$2)*D37) -> 0.00067444286 | I38: =SQRT(H38) -> 0.025970038 | J38: =J37*(1+C37) -> 93241496 | K38: =_xlfn.NORM.S.INV(0.99)*E38*J38 -> 6518484.4 | L38: =_xlfn.NORM.S.INV(0.99)*I38*J38 -> 5633216.9
A39: 13990826 | B39: 7348 | C39: =LN(B39/B38) -> 0.027819434 | D39: =C39^2 -> 0.00077392091 | E39: =SQRT(AVERAGE(D14:D38)) -> 0.029291665 | H39: =($G$2*H38)+((1-$G$2)*D38) -> 0.00066908678 | I39: =SQRT(H39) -> 0.025866712 | J39: =J38*(1+C38) -> 95497044 | K39: =_xlfn.NORM.S.INV(0.99)*E39*J39 -> 6507417.2 | L39: =_xlfn.NORM.S.INV(0.99)*I39*J39 -> 5746531.8
A40: 13990827 | B40: 7599.1 | C40: =LN(B40/B39) -> 0.033601652 | D40: =C40^2 -> 0.001129071 | E40: =SQRT(AVERAGE(D15:D39)) -> 0.028940117 | H40: =($G$2*H39)+((1-$G$2)*D39) -> 0.00067537683 | I40: =SQRT(H40) -> 0.025988013 | J40: =J39*(1+C39) -> 98153718 | K40: =_xlfn.NORM.S.INV(0.99)*E40*J40 -> 6608177.4 | L40: =_xlfn.NORM.S.INV(0.99)*I40*J40 -> 5934095
... A1187: 14040631 | B1187: 14857.7 | C1187: =LN(B1187/B1186) -> 0.022853508 | D1187: =C1187^2 -> 0.00052228285 | E1187: =SQRT(AVERAGE(D1162:D1186)) -> 0.015456745 | H1187: =($G$2*H1186)+((1-$G$2)*D1186) -> 0.00028160357 | I1187: =SQRT(H1187) -> 0.016781048 | J1187: =J1186*(1+C1186) -> 1.6642048e+08 | K1187: =_xlfn.NORM.S.INV(0.99)*E1187*J1187 -> 5984108.6 | L1187: =_xlfn.NORM.S.INV(0.99)*I1187*J1187 -> 6496815

Sheet GARCH
A1: تاریخ | B1: شاخص قیمت | C1: بازدهی | D1: واریانس شرطی | E1: درستنمایی
A2: 13990631 | B2: 8809 | I2: مقادیر ابتدایی | K2: بدون استفاده از واریانس بلندمدت
A3: 13990701 | B3: 8640.1 | C3: =LN(B3/B2) -> -0.019359769 | D3: =_xlfn.VAR.S(C3:C1187) -> 0.0002846571 | E3: =(-0.5*LN(2*PI())) - (0.5*LN(D3)) - (0.5*((C3^2)/D3)) -> 2.504837 | I3: α₀ | J3: 0.05 | K3: α | L3: 0.057513275
A4: 13990702 | B4: 8759.6 | C4: =LN(B4/B3) -> 0.013736085 | D4: =$L$5+($L$3*(C3^2))+($L$4*D3) -> 0.00028953135 | E4: =(-0.5*LN(2*PI())) - (0.5*LN(D4)) - (0.5*((C4^2)/D4)) -> 2.828848 | I4: β₀ | J4: 0.9 | K4: β | L4: 0.92401837
A5: 13990705 | B5: 8735.8 | C5: =LN(B5/B4) -> -0.0027207168 | D5: =$L$5+($L$3*(C4^2))+($L$4*D4) -> 0.00028333085 | E5: =(-0.5*LN(2*PI())) - (0.5*LN(D5)) - (0.5*((C5^2)/D5)) -> 3.1524461 | I5: ω₀ | J5: =D3*(1-J3-J4) -> 1.4232855e-05 | K5: ω | L5: 4.9469546e-06
A6: 13990706 | B6: 8526.7 | C6: =LN(B6/B5) -> -0.024227108 | D6: =$L$5+($L$3*(C5^2))+($L$4*D5) -> 0.00026717559 | E6: =(-0.5*LN(2*PI())) - (0.5*LN(D6)) - (0.5*((C6^2)/D6)) -> 2.0964236 | I6: α₀ + β₀ | J6: =J3+J4 -> 0.95 | K6: α + β | L6: =J3+J4 -> 0.95
A7: 13990707 | B7: 8158.8 | C7: =LN(B7/B6) -> -0.044105317 | D7: =$L$5+($L$3*(C6^2))+($L$4*D6) -> 0.00028557969 | E7: =(-0.5*LN(2*PI())) - (0.5*LN(D7)) - (0.5*((C7^2)/D7)) -> -0.24428658 | I7: MLE | J7: 3220.1035 | K7: MLE | L7: =SUM(E3:E1187) -> 3229.2013
A8: 13990708 | B8: 7935.7 | C8: =LN(B8/B7) -> -0.027725532 | D8: =$L$5+($L$3*(C7^2))+($L$4*D7) -> 0.0003807072 | E8: =(-0.5*LN(2*PI())) - (0.5*LN(D8)) - (0.5*((C8^2)/D8)) -> 2.0082262
A9: 13990709 | B9: 7966.4 | C9: =LN(B9/B8) -> 0.0038611301 | D9: =$L$5+($L$3*(C8^2))+($L$4*D8) -> 0.00040093815 | E9: =(-0.5*LN(2*PI())) - (0.5*LN(D9)) - (0.5*((C9^2)/D9)) -> 2.9733214
A10: 13990712 | B10: 8310.6 | C10: =LN(B10/B9) -> 0.042299112 | D10: =$L$5+($L$3*(C9^2))+($L$4*D9) -> 0.00037627859 | E10: =(-0.5*LN(2*PI())) - (0.5*LN(D10)) - (0.5*((C10^2)/D10)) -> 0.64613839
A11: 13990713 | B11: 8390.1 | C11: =LN(B11/B10) -> 0.0095206309 | D11: =$L$5+($L$3*(C10^2))+($L$4*D10) -> 0.00045553889 | E11: =(-0.5*LN(2*PI())) - (0.5*LN(D11)) - (0.5*((C11^2)/D11)) -> 2.828587
A12: 13990714 | B12: 8365.4 | C12: =LN(B12/B11) -> -0.0029482878 | D12: =$L$5+($L$3*(C11^2))+($L$4*D11) -> 0.0004310864 | E12: =(-0.5*LN(2*PI())) - (0.5*LN(D12)) - (0.5*((C12^2)/D12)) -> 2.9455805
A13: 13990715 | B13: 8718.8 | C13: =LN(B13/B12) -> 0.041377462 | D13: =$L$5+($L$3*(C12^2))+($L$4*D12) -> 0.00040377863 | E13: =(-0.5*LN(2*PI())) - (0.5*LN(D13)) - (0.5*((C13^2)/D13)) -> 0.86829299
A14: 13990716 | B14: 9037.1 | C14: =LN(B14/B13) -> 0.035856713 | D14: =$L$5+($L$3*(C13^2))+($L$4*D13) -> 0.00047651398 | E14: =(-0.5*LN(2*PI())) - (0.5*LN(D14)) - (0.5*((C14^2)/D14)) -> 1.5564957
A15: 13990719 | B15: 9242.3 | C15: =LN(B15/B14) -> 0.022452446 | D15: =$L$5+($L$3*(C14^2))+($L$4*D14) -> 0.00051919967 | E15: =(-0.5*LN(2*PI())) - (0.5*LN(D15)) - (0.5*((C15^2)/D15)) -> 2.3772019
A16: 13990720 | B16: 9677.5 | C16: =LN(B16/B15) -> 0.046012831 | D16: =$L$5+($L$3*(C15^2))+($L$4*D15) -> 0.00051369013 | E16: =(-0.5*LN(2*PI())) - (0.5*LN(D16)) - (0.5*((C16^2)/D16)) -> 0.80725007
A17: 13990721 | B17: 9450.3 | C17: =LN(B17/B16) -> -0.023757116 | D17: =$L$5+($L$3*(C16^2))+($L$4*D16) -> 0.00060137206 | E17: =(-0.5*LN(2*PI())) - (0.5*LN(D17)) - (0.5*((C17^2)/D17)) -> 2.3199491
A18: 13990722 | B18: 9303.1 | C18: =LN(B18/B17) -> -0.015698809 | D18: =$L$5+($L$3*(C17^2))+($L$4*D17) -> 0.00059308631 | E18: =(-0.5*LN(2*PI())) - (0.5*LN(D18)) - (0.5*((C18^2)/D18)) -> 2.5883755
A19: 13990723 | B19: 9101.3 | C19: =LN(B19/B18) -> -0.021930417 | D19: =$L$5+($L$3*(C18^2))+($L$4*D18) -> 0.0005671439 | E19: =(-0.5*LN(2*PI())) - (0.5*LN(D19)) - (0.5*((C19^2)/D19)) -> 2.3945056
... A1187: 14040631 | B1187: 14857.7 | C1187: =LN(B1187/B1186) -> 0.022853508 | D1187: =$L$5+($L$3*(C1186^2))+($L$4*D1186) -> 0.00027965421 | E1187: =(-0.5*LN(2*PI())) - (0.5*LN(D1187)) - (0.5*((C1187^2)/D1187)) -> 2.2382387

Sheet Historical
A1: تاریخ | B1: شاخص قیمت بانک | C1: شاخص قیمت محصولات شیمیایی | D1: ـ | E1: بازدهی بانک | F1: بازدهی محصولات شیمیایی | G1: میانگین | H1: ارزش پرتفوی | I1: تغییر در ارزش | O1: ارزش فعلی | P1: وزن
A2: 14030531 | B2: 7856.4 | C2: 172216 | L2: ردیف | O2: 1000000000 | P2: 0.5
A3: 14030603 | B3: 7940 | C3: 173305 | E3: =LN(B3/B2) -> 0.010584789 | F3: =LN(C3/C2) -> 0.0063035451 | G3: =($P$2*E3)+((1-$P$2)*F3) -> 0.0084441671 | H3: =$O$2*EXP(G3) -> 1.0084799e+09 | I3: =H3-$O$2 -> 8479919.6 | L3: 1 | M3: -49574812
A4: 14030605 | B4: 7967.6 | C4: 174494 | E4: =LN(B4/B3) -> 0.003470043 | F4: =LN(C4/C3) -> 0.0068373091 | G4: =($P$2*E4)+((1-$P$2)*F4) -> 0.005153676 | H4: =$O$2*EXP(G4) -> 1.005167e+09 | I4: =H4-$O$2 -> 5166979.1 | L4: 2 | M4: -33292444
A5: 14030606 | B5: 8000.3 | C5: 174926 | E5: =LN(B5/B4) -> 0.0040957228 | F5: =LN(C5/C4) -> 0.0024726703 | G5: =($P$2*E5)+((1-$P$2)*F5) -> 0.0032841965 | H5: =$O$2*EXP(G5) -> 1.0032896e+09 | I5: =H5-$O$2 -> 3289595.4 | L5: 3 | M5: -28496905
A6: 14030607 | B6: 8053.2 | C6: 175522 | E6: =LN(B6/B5) -> 0.006590487 | F6: =LN(C6/C5) -> 0.0034013638 | G6: =($P$2*E6)+((1-$P$2)*F6) -> 0.0049959254 | H6: =$O$2*EXP(G6) -> 1.0050084e+09 | I6: =H6-$O$2 -> 5008425.9 | L6: 4 | M6: -27954573 | N6: VaR 99%
A7: 14030610 | B7: 8149.7 | C7: 177346 | E7: =LN(B7/B6) -> 0.011911589 | F7: =LN(C7/C6) -> 0.010338236 | G7: =($P$2*E7)+((1-$P$2)*F7) -> 0.011124912 | H7: =$O$2*EXP(G7) -> 1.011187e+09 | I7: =H7-$O$2 -> 11187024 | L7: 5 | M7: -24870986
A8: 14030611 | B8: 8242.6 | C8: 178527 | E8: =LN(B8/B7) -> 0.011334711 | F8: =LN(C8/C7) -> 0.0066372236 | G8: =($P$2*E8)+((1-$P$2)*F8) -> 0.0089859675 | H8: =$O$2*EXP(G8) -> 1.0090265e+09 | I8: =H8-$O$2 -> 9026462.5 | L8: 6 | M8: -23520517
A9: 14030613 | B9: 8262.6 | C9: 179367 | E9: =LN(B9/B8) -> 0.0024234798 | F9: =LN(C9/C8) -> 0.0046941359 | G9: =($P$2*E9)+((1-$P$2)*F9) -> 0.0035588079 | H9: =$O$2*EXP(G9) -> 1.0035651e+09 | I9: =H9-$O$2 -> 3565148 | L9: 7 | M9: -22762462
A10: 14030617 | B10: 8217.8 | C10: 179664 | E10: =LN(B10/B9) -> -0.0054367746 | F10: =LN(C10/C9) -> 0.0016544536 | G10: =($P$2*E10)+((1-$P$2)*F10) -> -0.0018911605 | H10: =$O$2*EXP(G10) -> 9.9811063e+08 | I10: =H10-$O$2 -> -1889373.4 | L10: 8 | M10: -22630918
A11: 14030618 | B11: 8181.7 | C11: 178909 | E11: =LN(B11/B10) -> -0.0044025804 | F11: =LN(C11/C10) -> -0.0042111431 | G11: =($P$2*E11)+((1-$P$2)*F11) -> -0.0043068618 | H11: =$O$2*EXP(G11) -> 9.957024e+08 | I11: =H11-$O$2 -> -4297600.5 | L11: 9 | M11: -21815670
A12: 14030619 | B12: 8258.8 | C12: 178926 | E12: =LN(B12/B11) -> 0.0093793455 | F12: =LN(C12/C11) -> 9.5015859e-05 | G12: =($P$2*E12)+((1-$P$2)*F12) -> 0.0047371807 | H12: =$O$2*EXP(G12) -> 1.0047484e+09 | I12: =H12-$O$2 -> 4748418.9 | L12: 10 | M12: -21472433
A13: 14030620 | B13: 8285.1 | C13: 177629 | E13: =LN(B13/B12) -> 0.0031794223 | F13: =LN(C13/C12) -> -0.007275207 | G13: =($P$2*E13)+((1-$P$2)*F13) -> -0.0020478924 | H13: =$O$2*EXP(G13) -> 9.979542e+08 | I13: =H13-$O$2 -> -2045796.9 | L13: 11 | M13: -21377683
A14: 14030621 | B14: 8309.4 | C14: 176273 | E14: =LN(B14/B13) -> 0.0029286833 | F14: =LN(C14/C13) -> -0.0076631759 | G14: =($P$2*E14)+((1-$P$2)*F14) -> -0.0023672463 | H14: =$O$2*EXP(G14) -> 9.9763555e+08 | I14: =H14-$O$2 -> -2364446.6 | L14: 12 | M14: -21188920
A15: 14030624 | B15: 8272.7 | C15: 175435 | E15: =LN(B15/B14) -> -0.0044264671 | F15: =LN(C15/C14) -> -0.0047653257 | G15: =($P$2*E15)+((1-$P$2)*F15) -> -0.0045958964 | H15: =$O$2*EXP(G15) -> 9.9541465e+08 | I15: =H15-$O$2 -> -4585351.4 | L15: 13 | M15: -21017306
A16: 14030625 | B16: 8204.5 | C16: 175160 | E16: =LN(B16/B15) -> -0.0082781528 | F16: =LN(C16/C15) -> -0.001568762 | G16: =($P$2*E16)+((1-$P$2)*F16) -> -0.0049234574 | H16: =$O$2*EXP(G16) -> 9.9508864e+08 | I16: =H16-$O$2 -> -4911357 | L16: 14 | M16: -20745237 | N16: VaR 95%
A17: 14030626 | B17: 8201.2 | C17: 175188 | E17: =LN(B17/B16) -> -0.00040229921 | F17: =LN(C17/C16) -> 0.00015984107 | G17: =($P$2*E17)+((1-$P$2)*F17) -> -0.00012122907 | H17: =$O$2*EXP(G17) -> 9.9987878e+08 | I17: =H17-$O$2 -> -121221.72 | L17: 15 | M17: -20152794
A18: 14030627 | B18: 8343.3 | C18: 175919 | E18: =LN(B18/B17) -> 0.017178337 | F18: =LN(C18/C17) -> 0.0041639788 | G18: =($P$2*E18)+((1-$P$2)*F18) -> 0.010671158 | H18: =$O$2*EXP(G18) -> 1.0107283e+09 | I18: =H18-$O$2 -> 10728298 | L18: 16 | M18: -19702217
A19: 14030628 | B19: 8477.2 | C19: 177148 | E19: =LN(B19/B18) -> 0.015921385 | F19: =LN(C19/C18) -> 0.0069618796 | G19: =($P$2*E19)+((1-$P$2)*F19) -> 0.011441632 | H19: =$O$2*EXP(G19) -> 1.0115073e+09 | I19: =H19-$O$2 -> 11507338 | L19: 17 | M19: -19657277
A20: 14030701 | B20: 8565.1 | C20: 177430 | E20: =LN(B20/B19) -> 0.010315601 | F20: =LN(C20/C19) -> 0.0015906236 | G20: =($P$2*E20)+((1-$P$2)*F20) -> 0.005953112 | H20: =$O$2*EXP(G20) -> 1.0059709e+09 | I20: =H20-$O$2 -> 5970867 | L20: 18 | M20: -19002642
A21: 14030702 | B21: 8749.2 | C21: 178511 | E21: =LN(B21/B20) -> 0.02126646 | F21: =LN(C21/C20) -> 0.006074059 | G21: =($P$2*E21)+((1-$P$2)*F21) -> 0.01367026 | H21: =$O$2*EXP(G21) -> 1.0137641e+09 | I21: =H21-$O$2 -> 13764125 | L21: 19 | M21: -18992261
A22: 14030703 | B22: 8973.4 | C22: 180565 | E22: =LN(B22/B21) -> 0.025302378 | F22: =LN(C22/C21) -> 0.0114406 | G22: =($P$2*E22)+((1-$P$2)*F22) -> 0.018371489 | H22: =$O$2*EXP(G22) -> 1.0185413e+09 | I22: =H22-$O$2 -> 18541283 | L22: 20 | M22: -18279810
A23: 14030704 | B23: 9157.7 | C23: 180482 | E23: =LN(B23/B22) -> 0.02033041 | F23: =LN(C23/C22) -> -0.00045977394 | G23: =($P$2*E23)+((1-$P$2)*F23) -> 0.009935318 | H23: =$O$2*EXP(G23) -> 1.0099848e+09 | I23: =H23-$O$2 -> 9984837.1 | L23: 21 | M23: -18257826
A24: 14030707 | B24: 9116.6 | C24: 179807 | E24: =LN(B24/B23) -> -0.0044981279 | F24: =LN(C24/C23) -> -0.0037469964 | G24: =($P$2*E24)+((1-$P$2)*F24) -> -0.0041225621 | H24: =$O$2*EXP(G24) -> 9.9588592e+08 | I24: =H24-$O$2 -> -4114076 | L24: 22 | M24: -18081352
A25: 14030708 | B25: 9073.5 | C25: 179252 | E25: =LN(B25/B24) -> -0.0047388503 | F25: =LN(C25/C24) -> -0.0030914164 | G25: =($P$2*E25)+((1-$P$2)*F25) -> -0.0039151334 | H25: =$O$2*EXP(G25) -> 9.9609252e+08 | I25: =H25-$O$2 -> -3907479.2 | L25: 23 | M25: -16793919
A26: 14030709 | B26: 9036.5 | C26: 178763 | E26: =LN(B26/B25) -> -0.0040861459 | F26: =LN(C26/C25) -> -0.0027317308 | G26: =($P$2*E26)+((1-$P$2)*F26) -> -0.0034089384 | H26: =$O$2*EXP(G26) -> 9.9659687e+08 | I26: =H26-$O$2 -> -3403134.5 | L26: 24 | M26: -16051788
A27: 14030710 | B27: 8997.3 | C27: 178034 | E27: =LN(B27/B26) -> -0.004347399 | F27: =LN(C27/C26) -> -0.0040863629 | G27: =($P$2*E27)+((1-$P$2)*F27) -> -0.0042168809 | H27: =$O$2*EXP(G27) -> 9.95792e+08 | I27: =H27-$O$2 -> -4208002.4 | L27: 25 | M27: -15918814
A28: 14030711 | B28: 8940.1 | C28: 177223 | E28: =LN(B28/B27) -> -0.0063777575 | F28: =LN(C28/C27) -> -0.0045657167 | G28: =($P$2*E28)+((1-$P$2)*F28) -> -0.0054717371 | H28: =$O$2*EXP(G28) -> 9.9454321e+08 | I28: =H28-$O$2 -> -5456794.4 | L28: 26 | M28: -15214214
... A252: 14040631 | B252: 14857.7 | C252: 236267 | E252: =LN(B252/B251) -> 0.022853508 | F252: =LN(C252/C251) -> 0.012577336 | G252: =($P$2*E252)+((1-$P$2)*F252) -> 0.017715422 | H252: =$O$2*EXP(G252) -> 1.0178733e+09 | I252: =H252-$O$2 -> 17873271 | L252: 250 | M252: 32133767

Sheet Backtesting01
A1: تاریخ | B1: شاخص قیمت | C1: بازدهی | D1: مجذور بازدهی | E1: ارزش دارایی | F1: سود یا زیان | G1: VaR Simple | H1: VaR-SMA25 | I1: VaR-SMA50 | J1: VaR-SMA100 | K1: روش ساده | L1: میانگین متحرک 25 | M1: میانگین متحرک 50 | N1: میانگین متحرک 100
A2: 14030531 | B2: 7856.4 | C2: 0.0035575655 | D2: 1.2656272e-05 | E2: 96077590 | G2: -5865170.8 | H2: -2330413.6 | I2: -2641957.2 | J2: -2733376.4
A3: 14030603 | B3: 7940 | C3: 0.010584789 | D3: 0.00011203776 | E3: 97094551 | F3: =E3-E2 -> 1016961 | G3: -5927252.4 | H3: -2358395.7 | I3: -2669321.7 | J3: -2763009.6 | K3: =IF(F3<G3,1,0) -> 0 | L3: =IF(F3<H3,1,0) -> 0 | M3: =IF(F3<I3,1,0) -> 0 | N3: =IF(F3<J3,1,0) -> 0
A4: 14030605 | B4: 7967.6 | C4: 0.003470043 | D4: 1.2041198e-05 | E4: 97431474 | F4: =E4-E3 -> 336922.26 | G4: -5947820.3 | H4: -2416716.1 | I4: -2692134 | J4: -2783081.8 | K4: =IF(F4<G4,1,0) -> 0 | L4: =IF(F4<H4,1,0) -> 0 | M4: =IF(F4<I4,1,0) -> 0 | N4: =IF(F4<J4,1,0) -> 0
A5: 14030606 | B5: 8000.3 | C5: 0.0040957228 | D5: 1.6774945e-05 | E5: 97830526 | F5: =E5-E4 -> 399052.3 | G5: -5972180.9 | H5: -2426394.8 | I5: -2702460.5 | J5: -2793499 | K5: =IF(F5<G5,1,0) -> 0 | L5: =IF(F5<H5,1,0) -> 0 | M5: =IF(F5<I5,1,0) -> 0 | N5: =IF(F5<J5,1,0) -> 0
A6: 14030607 | B6: 8053.2 | C6: 0.006590487 | D6: 4.3434519e-05 | E6: 98475277 | F6: =E6-E5 -> 644750.81 | G6: -6011540.5 | H6: -2340147.1 | I6: -2583307.5 | J6: -2780628.9 | K6: =IF(F6<G6,1,0) -> 0 | L6: =IF(F6<H6,1,0) -> 0 | M6: =IF(F6<I6,1,0) -> 0 | N6: =IF(F6<J6,1,0) -> 0
A7: 14030610 | B7: 8149.7 | C7: 0.011911589 | D7: 0.00014188595 | E7: 99648274 | F7: =E7-E6 -> 1172997 | G7: -6083147.5 | H7: -2387091.4 | I7: -2610044.6 | J7: -2806075.2 | K7: =IF(F7<G7,1,0) -> 0 | L7: =IF(F7<H7,1,0) -> 0 | M7: =IF(F7<I7,1,0) -> 0 | N7: =IF(F7<J7,1,0) -> 0
A8: 14030611 | B8: 8242.6 | C8: 0.011334711 | D8: 0.00012847568 | E8: 1.0077776e+08 | F8: =E8-E7 -> 1129484.4 | G8: -6152098.2 | H8: -2477798.6 | I8: -2657985.9 | J8: -2848971.3 | K8: =IF(F8<G8,1,0) -> 0 | L8: =IF(F8<H8,1,0) -> 0 | M8: =IF(F8<I8,1,0) -> 0 | N8: =IF(F8<J8,1,0) -> 0
A9: 14030613 | B9: 8262.6 | C9: 0.0024234798 | D9: 5.8732546e-06 | E9: 1.0102199e+08 | F9: =E9-E8 -> 244232.87 | G9: -6167007.7 | H9: -2542591.1 | I9: -2691416.6 | J9: -2867783.1 | K9: =IF(F9<G9,1,0) -> 0 | L9: =IF(F9<H9,1,0) -> 0 | M9: =IF(F9<I9,1,0) -> 0 | N9: =IF(F9<J9,1,0) -> 0
A10: 14030617 | B10: 8217.8 | C10: -0.0054367746 | D10: 2.9558518e-05 | E10: 1.0047276e+08 | F10: =E10-E9 -> -549233.8 | G10: -6133479 | H10: -2523058.2 | I10: -2677745.9 | J10: -2850440.8 | K10: =IF(F10<G10,1,0) -> 0 | L10: =IF(F10<H10,1,0) -> 0 | M10: =IF(F10<I10,1,0) -> 0 | N10: =IF(F10<J10,1,0) -> 0
A11: 14030618 | B11: 8181.7 | C11: -0.0044025804 | D11: 1.9382714e-05 | E11: 1.0003042e+08 | F11: =E11-E10 -> -442339.39 | G11: -6106475.9 | H11: -2443161.5 | I11: -2672004.5 | J11: -2840166.9 | K11: =IF(F11<G11,1,0) -> 0 | L11: =IF(F11<H11,1,0) -> 0 | M11: =IF(F11<I11,1,0) -> 0 | N11: =IF(F11<J11,1,0) -> 0
A12: 14030619 | B12: 8258.8 | C12: 0.0093793455 | D12: 8.7972123e-05 | E12: 1.0096864e+08 | F12: =E12-E11 -> 938219.85 | G12: -6163750.7 | H12: -2467796.8 | I12: -2700596.4 | J12: -2852764.1 | K12: =IF(F12<G12,1,0) -> 0 | L12: =IF(F12<H12,1,0) -> 0 | M12: =IF(F12<I12,1,0) -> 0 | N12: =IF(F12<J12,1,0) -> 0
A13: 14030620 | B13: 8285.1 | C13: 0.0031794223 | D13: 1.0108726e-05 | E13: 1.0128966e+08 | F13: =E13-E12 -> 321021.94 | G13: -6183347.8 | H13: -2029807 | I13: -2726927.6 | J13: -2870483.2 | K13: =IF(F13<G13,1,0) -> 0 | L13: =IF(F13<H13,1,0) -> 0 | M13: =IF(F13<I13,1,0) -> 0 | N13: =IF(F13<J13,1,0) -> 0
A14: 14030621 | B14: 8309.4 | C14: 0.0029286833 | D14: 8.5771858e-06 | E14: 1.0158631e+08 | F14: =E14-E13 -> 296645.33 | G14: -6201456.9 | H14: -1512067.7 | I14: -2734111.4 | J14: -2833557.6 | K14: =IF(F14<G14,1,0) -> 0 | L14: =IF(F14<H14,1,0) -> 0 | M14: =IF(F14<I14,1,0) -> 0 | N14: =IF(F14<J14,1,0) -> 0
... A252: 14040631 | B252: 14857.7 | C252: 0.022853508 | D252: 0.00052228285 | E252: 1.7554268e+08 | F252: =E252-E251 -> 3922131.7 | G252: -10716212 | H252: -6312122.7 | I252: -6425465.6 | J252: -7382080.1 | K252: =IF(F252<G252,1,0) -> 0 | L252: =IF(F252<H252,1,0) -> 0 | M252: =IF(F252<I252,1,0) -> 0 | N252: =IF(F252<J252,1,0) -> 0
K253: =SUM(K3:K252) -> 1 | L253: =SUM(L3:L252) -> 2 | M253: =SUM(M3:M252) -> 2 | N253: =SUM(N3:N252) -> 2

Sheet Backtesting02
A1: N | B1: 250 | C1: 0.01
A2: X | B2: p | C2: Sum p | D2: 1-C
A3: 0 | B3: =_xlfn.BINOM.DIST(A3,$B$1,$C$1,FALSE) -> 0.081058516 | C3: =_xlfn.BINOM.DIST(A3,$B$1,$C$1,TRUE) -> 0.081058516 | D3: =1-C3 -> 0.91894148
A4: 1 | B4: =_xlfn.BINOM.DIST(A4,$B$1,$C$1,FALSE) -> 0.20469322 | C4: =_xlfn.BINOM.DIST(A4,$B$1,$C$1,TRUE) -> 0.28575174 | D4: =1-C4 -> 0.71424826
A5: 2 | B5: =_xlfn.BINOM.DIST(A5,$B$1,$C$1,FALSE) -> 0.25741723 | C5: =_xlfn.BINOM.DIST(A5,$B$1,$C$1,TRUE) -> 0.54316897 | D5: =1-C5 -> 0.45683103
A6: 3 | B6: =_xlfn.BINOM.DIST(A6,$B$1,$C$1,FALSE) -> 0.21494772 | C6: =_xlfn.BINOM.DIST(A6,$B$1,$C$1,TRUE) -> 0.7581167 | D6: =1-C6 -> 0.2418833
A7: 4 | B7: =_xlfn.BINOM.DIST(A7,$B$1,$C$1,FALSE) -> 0.13407093 | C7: =_xlfn.BINOM.DIST(A7,$B$1,$C$1,TRUE) -> 0.89218763 | D7: =1-C7 -> 0.10781237
A8: 5 | B8: =_xlfn.BINOM.DIST(A8,$B$1,$C$1,FALSE) -> 0.066629189 | C8: =_xlfn.BINOM.DIST(A8,$B$1,$C$1,TRUE) -> 0.95881682 | D8: =1-C8 -> 0.041183184
A9: 6 | B9: =_xlfn.BINOM.DIST(A9,$B$1,$C$1,FALSE) -> 0.027481736 | C9: =_xlfn.BINOM.DIST(A9,$B$1,$C$1,TRUE) -> 0.98629855 | D9: =1-C9 -> 0.013701448
A10: 7 | B10: =_xlfn.BINOM.DIST(A10,$B$1,$C$1,FALSE) -> 0.0096761091 | C10: =_xlfn.BINOM.DIST(A10,$B$1,$C$1,TRUE) -> 0.99597466 | D10: =1-C10 -> 0.0040253387
A11: 8 | B11: =_xlfn.BINOM.DIST(A11,$B$1,$C$1,FALSE) -> 0.0029688062 | C11: =_xlfn.BINOM.DIST(A11,$B$1,$C$1,TRUE) -> 0.99894347 | D11: =1-C11 -> 0.0010565325
A12: 9 | B12: =_xlfn.BINOM.DIST(A12,$B$1,$C$1,FALSE) -> 0.00080634243 | C12: =_xlfn.BINOM.DIST(A12,$B$1,$C$1,TRUE) -> 0.99974981 | D12: =1-C12 -> 0.00025019007
A13: 10 | B13: =_xlfn.BINOM.DIST(A13,$B$1,$C$1,FALSE) -> 0.00019629144 | C13: =_xlfn.BINOM.DIST(A13,$B$1,$C$1,TRUE) -> 0.9999461 | D13: =1-C13 -> 5.3898629e-05

Sheet Backtesting03
A1: ـ | B1: α | C1: π | D1: x | E1: N | F1: LR | G1: سطح خطا | H1: آماره | I1: نتیجه آزمون
A2: روش ساده | B2: 0.01 | C2: =D2/E2 -> 0.004 | D2: =Backtesting01!K253 -> 1 | E2: =COUNT(Backtesting01!K3:K252) -> 250 | F2: =-2*LN(((B2^D2)*((1-B2)^(E2-D2)))/((C2^D2)*((1-C2)^(E2-D2)))) -> 1.1764911 | G2: 0.1 | H2: =CHIINV(G2,1) -> 2.7055435 | I2: =IF(F2>H2,"رد","قبول") -> قبول
A3: میانگین متحرک 25 | B3: 0.01 | C3: =D3/E3 -> 0.008 | D3: =Backtesting01!L253 -> 2 | E3: =COUNT(Backtesting01!L3:L252) -> 250 | F3: =-2*LN(((B3^D3)*((1-B3)^(E3-D3)))/((C3^D3)*((1-C3)^(E3-D3)))) -> 0.10843522 | G3: 0.1 | H3: =CHIINV(G3,1) -> 2.7055435 | I3: =IF(F3>H3,"رد","قبول") -> قبول
A4: میانگین متحرک 50 | B4: 0.01 | C4: =D4/E4 -> 0.008 | D4: =Backtesting01!M253 -> 2 | E4: =COUNT(Backtesting01!M3:M252) -> 250 | F4: =-2*LN(((B4^D4)*((1-B4)^(E4-D4)))/((C4^D4)*((1-C4)^(E4-D4)))) -> 0.10843522 | G4: 0.1 | H4: =CHIINV(G4,1) -> 2.7055435 | I4: =IF(F4>H4,"رد","قبول") -> قبول
A5: میانگین متحرک 100 | B5: 0.01 | C5: =D5/E5 -> 0.008 | D5: =Backtesting01!N253 -> 2 | E5: =COUNT(Backtesting01!N3:N252) -> 250 | F5: =-2*LN(((B5^D5)*((1-B5)^(E5-D5)))/((C5^D5)*((1-C5)^(E5-D5)))) -> 0.10843522 | G5: 0.1 | H5: =CHIINV(G5,1) -> 2.7055435 | I5: =IF(F5>H5,"رد","قبول") -> قبول

Sheet MonteCarlo01
A1: تاریخ | B1: قیمت پایانی اهرم | C1: بازدهی | E1: تاریخ | F1: قیمت پایانی وبملت | G1: بازدهی
A2: 14030807 | B2: 15690 | E2: 14030807 | F2: 574.5 | I2: اختیار خرید بر روی اهرم (موقعیت خرید) | U2: اختیار خرید بر روی وبملت (موقعیت فروش)
A3: 14030808 | B3: 15470 | C3: -0.014120902 | E3: 14030808 | F3: 577.95 | G3: 0.0059872625
A4: 14030809 | B4: 15650 | C4: 0.011568252 | E4: 14030809 | F4: 588.59 | G4: 0.018242486
A5: 14030812 | B5: 15850 | C5: 0.012698583 | E5: 14030812 | F5: 589.74 | G5: 0.0019519156 | I5: پارامترها | L5: مقادیر فعلی | U5: پارامترها | X5: مقادیر فعلی
A6: 14030813 | B6: 15380 | C6: -0.030101536 | E6: 14030813 | F6: 572.2 | G6: -0.030193181 | I6: قیمت توافقی | J6: 30000 | L6: S | M6: d1 | N6: d2 | O6: Φ(d1) | P6: Φ(d2) | Q6: c | U6: قیمت توافقی | V6: 1300 | X6: S | Y6: d1 | Z6: d2 | AA6: Φ(d1) | AB6: Φ(d2) | AC6: c
A7: 14030814 | B7: 15120 | C7: -0.017049593 | E7: 14030814 | F7: 560.12 | G7: -0.021337534 | I7: نرخ بدون ریسک | J7: 0.35 | L7: 31320 | M7: =(LN(L7/J6)+(J7+(J9^2)/2)*J8)/(J9*(J8^0.5)) -> 0.70108206 | N7: =M7-J9*(J8^0.5) -> 0.5298486 | O7: =_xlfn.NORM.S.DIST(M7,TRUE) -> 0.7583741 | P7: =_xlfn.NORM.S.DIST(N7,TRUE) -> 0.70189155 | Q7: =L7*O7-$J$6*EXP(-$J$7*$J$8)*P7 -> 3967.9066 | U7: نرخ بدون ریسک | V7: 0.35 | X7: 1393 | Y7: =(LN(X7/V6)+(V7+(V9^2/2))*V8)/(V9*(V8^0.5)) -> 1.0068864 | Z7: =Y7-V9*(V8^0.5) -> 0.91187704 | AA7: =_xlfn.NORM.S.DIST(Y7,TRUE) -> 0.84300531 | AB7: =_xlfn.NORM.S.DIST(Z7,TRUE) -> 0.81908328 | AC7: =X7*AA7-$V$6*EXP(-$V$7*$V$8)*AB7 -> 132.72519
A8: 14030815 | B8: 15360 | C8: 0.015748357 | E8: 14030815 | F8: 576.8 | G8: 0.029344539 | I8: سررسید | J8: =65/365 -> 0.17808219 | U8: سررسید | V8: =23/365 -> 0.063013699
A9: 14030816 | B9: 15220 | C9: -0.0091563753 | E9: 14030816 | F9: 581.4 | G9: 0.0079434022 | I9: نوسان سالانه | J9: =J11*(250^0.5) -> 0.40576855 | L9: VaR | U9: نوسان سالانه | V9: =V11*(250^0.5) -> 0.37848513 | X9: VaR | AG9: ارزش کنونی | AK9: VaR
A10: 14030819 | B10: 15660 | C10: 0.028499338 | E10: 14030819 | F10: 598.36 | G10: 0.028753591 | I10: میانگین بازدهی روزانه | J10: =AVERAGE(C3:C252) -> 0.0027649332 | L10: 0.99 | M10: =PERCENTILE(S$15:S$1014,1-L10) -> -1268.2084 | U10: میانگین بازدهی روزانه | V10: =AVERAGE(G3:G252) -> 0.0035428595 | X10: 0.99 | Y10: =PERCENTILE(AE$15:AE$1014,1-X10) -> -53.063757 | AG10: P=c1-c2 | AK10: 0.99 | AL10: =PERCENTILE(AI$15:AI$1014,1-AK10) -> -1268.1433
A11: 14030820 | B11: 16120 | C11: 0.028951047 | E11: 14030820 | F11: 616.19 | G11: 0.029362778 | I11: نوسان روزانه | J11: =_xlfn.STDEV.S(C3:C252) -> 0.025663056 | L11: 0.95 | M11: =PERCENTILE(S$15:S$1014,1-L11) -> -885.18342 | U11: نوسان روزانه | V11: =_xlfn.STDEV.S(G3:G252) -> 0.023937502 | X11: 0.95 | Y11: =PERCENTILE(AE$15:AE$1014,1-X11) -> -36.120415 | AG11: =Q7-AC7 -> 3835.1814 | AK11: 0.95 | AL11: =PERCENTILE(AI$15:AI$1014,1-AK11) -> -900.06784
A12: 14030821 | B12: 16570 | C12: 0.027533094 | E12: 14030821 | F12: 633.73 | G12: 0.028067639
A13: 14030822 | B13: 16680 | C13: 0.0066165655 | E13: 14030822 | F13: 646.96 | G13: 0.020661473 | I13: تولید سناریو | U13: تولید سناریو | AG13: ارزش پرتفوی با فرض عدم همبستگی
A14: 14030823 | B14: 16870 | C14: 0.0113265 | E14: 14030823 | F14: 649.83 | G14: 0.0044263214 | I14: Scenario # | J14: p1 (uniformly distributed) | K14: v=Φ-1(p) | L14: x1=F-1(p)=Φ-1(p).σ1+μ1 | M14: St+1=St. ex | N14: d1 | O14: d2 | P14: Φ(d1) | Q14: Φ(d2) | R14: c | S14: Δc | U14: Scenario # | V14: p2 (uniformly distributed) | W14: v=Φ-1(p) | X14: x2=F-1(p)=Φ-1(p).σ2+μ2 | Y14: St+1=St. ex | Z14: d1 | AA14: d2 | AB14: Φ(d1) | AC14: Φ(d2) | AD14: c | AE14: Δc | AG14: Scenario # | AH14: P=c1-c2 | AI14: ΔP=Δc1-Δc2
A15: 14030826 | B15: 17360 | C15: 0.028631813 | E15: 14030826 | F15: 668.81 | G15: 0.028789224 | I15: 1 | J15: =RAND() -> 0.62523693 | K15: =_xlfn.NORM.S.INV(J15) -> 0.31926424 | L15: =$J$10+$J$11*K15 -> 0.010958229 | M15: =$L$7*EXP(L15) -> 31665.099 | N15: =(LN(M15/$J$6)+($J$7+$J$9^2/2)*$J$8)/($J$9*$J$8^0.5) -> 0.7650779 | O15: =N15-$J$9*$J$8^0.5 -> 0.59384444 | P15: =_xlfn.NORM.S.DIST(N15,TRUE) -> 0.77788742 | Q15: =_xlfn.NORM.S.DIST(O15,TRUE) -> 0.72369192 | R15: =M15*P15-$J$6*EXP(-$J$7*$J$8)*Q15 -> 4233.0204 | S15: =R15-$Q$7 -> 265.11373 | U15: 1 | V15: =RAND() -> 0.67390133 | W15: =_xlfn.NORM.S.INV(V15) -> 0.45071172 | X15: =$V$10+$V$11*W15 -> 0.014331772 | Y15: =$X$7*EXP(X15) -> 1413.1079 | Z15: =(LN(Y15/$V$6)+($V$7+$V$9^2/2)*$V$8)/($V$9*$V$8^0.5) -> 1.1577323 | AA15: =Z15-$V$9*$V$8^0.5 -> 1.062723 | AB15: =_xlfn.NORM.S.DIST(Z15,TRUE) -> 0.87651335 | AC15: =_xlfn.NORM.S.DIST(AA15,TRUE) -> 0.8560462 | AD15: =Y15*AB15-$V$6*EXP(-$V$7*$V$8)*AC15 -> 150.02311 | AE15: =AD15-$AC$7 -> 17.29792 | AG15: 1 | AH15: =R15-AD15 -> 4082.9972 | AI15: =S15-AE15 -> 247.81581
A16: 14030827 | B16: 17740 | C16: 0.021653268 | E16: 14030827 | F16: 675.42 | G16: 0.0098347058 | I16: 2 | J16: =RAND() -> 0.26879469 | K16: =_xlfn.NORM.S.INV(J16) -> -0.61646241 | L16: =$J$10+$J$11*K16 -> -0.013055376 | M16: =$L$7*EXP(L16) -> 30913.763 | N16: =(LN(M16/$J$6)+($J$7+$J$9^2/2)*$J$8)/($J$9*$J$8^0.5) -> 0.62483892 | O16: =N16-$J$9*$J$8^0.5 -> 0.45360546 | P16: =_xlfn.NORM.S.DIST(N16,TRUE) -> 0.73396161 | Q16: =_xlfn.NORM.S.DIST(O16,TRUE) -> 0.67494359 | R16: =M16*P16-$J$6*EXP(-$J$7*$J$8)*Q16 -> 3664.7332 | S16: =R16-$Q$7 -> -303.17342 | U16: 2 | V16: =RAND() -> 0.38277123 | W16: =_xlfn.NORM.S.INV(V16) -> -0.29821056 | X16: =$V$10+$V$11*W16 -> -0.0035955561 | Y16: =$X$7*EXP(X16) -> 1388.0004 | Z16: =(LN(Y16/$V$6)+($V$7+$V$9^2/2)*$V$8)/($V$9*$V$8^0.5) -> 0.96904215 | AA16: =Z16-$V$9*$V$8^0.5 -> 0.8740328 | AB16: =_xlfn.NORM.S.DIST(Z16,TRUE) -> 0.83373792 | AC16: =_xlfn.NORM.S.DIST(AA16,TRUE) -> 0.80894981 | AD16: =Y16*AB16-$V$6*EXP(-$V$7*$V$8)*AC16 -> 128.5335 | AE16: =AD16-$AC$7 -> -4.1916945 | AG16: 2 | AH16: =R16-AD16 -> 3536.1997 | AI16: =S16-AE16 -> -298.98172
A17: 14030828 | B17: 18190 | C17: 0.025050016 | E17: 14030828 | F17: 692.68 | G17: 0.025233412 | I17: 3 | J17: =RAND() -> 0.3589704 | K17: =_xlfn.NORM.S.INV(J17) -> -0.36121223 | L17: =$J$10+$J$11*K17 -> -0.0065048766 | M17: =$L$7*EXP(L17) -> 31116.928 | N17: =(LN(M17/$J$6)+($J$7+$J$9^2/2)*$J$8)/($J$9*$J$8^0.5) -> 0.66309371 | O17: =N17-$J$9*$J$8^0.5 -> 0.49186025 | P17: =_xlfn.NORM.S.DIST(N17,TRUE) -> 0.74636473 | Q17: =_xlfn.NORM.S.DIST(O17,TRUE) -> 0.68859093 | R17: =M17*P17-$J$6*EXP(-$J$7*$J$8)*Q17 -> 3815.1152 | S17: =R17-$Q$7 -> -152.7914 | U17: 3 | V17: =RAND() -> 0.8163135 | W17: =_xlfn.NORM.S.INV(V17) -> 0.90140505 | X17: =$V$10+$V$11*W17 -> 0.025120244 | Y17: =$X$7*EXP(X17) -> 1428.4357 | Z17: =(LN(Y17/$V$6)+($V$7+$V$9^2/2)*$V$8)/($V$9*$V$8^0.5) -> 1.271284 | AA17: =Z17-$V$9*$V$8^0.5 -> 1.1762747 | AB17: =_xlfn.NORM.S.DIST(Z17,TRUE) -> 0.89818618 | AC17: =_xlfn.NORM.S.DIST(AA17,TRUE) -> 0.88025743 | AD17: =Y17*AB17-$V$6*EXP(-$V$7*$V$8)*AC17 -> 163.62835 | AE17: =AD17-$AC$7 -> 30.90316 | AG17: 3 | AH17: =R17-AD17 -> 3651.4869 | AI17: =S17-AE17 -> -183.69456
A18: 14030829 | B18: 18450 | C18: 0.014192378 | E18: 14030829 | F18: 684.91 | G18: -0.011280689 | I18: 4 | J18: =RAND() -> 0.29393991 | K18: =_xlfn.NORM.S.INV(J18) -> -0.54191099 | L18: =$J$10+$J$11*K18 -> -0.011142159 | M18: =$L$7*EXP(L18) -> 30972.965 | N18: =(LN(M18/$J$6)+($J$7+$J$9^2/2)*$J$8)/($J$9*$J$8^0.5) -> 0.63601207 | O18: =N18-$J$9*$J$8^0.5 -> 0.46477861 | P18: =_xlfn.NORM.S.DIST(N18,TRUE) -> 0.73761572 | Q18: =_xlfn.NORM.S.DIST(O18,TRUE) -> 0.678955 | R18: =M18*P18-$J$6*EXP(-$J$7*$J$8)*Q18 -> 3708.2931 | S18: =R18-$Q$7 -> -259.61357 | U18: 4 | V18: =RAND() -> 0.96888438 | W18: =_xlfn.NORM.S.INV(V18) -> 1.8646446 | X18: =$V$10+$V$11*W18 -> 0.048177792 | Y18: =$X$7*EXP(X18) -> 1461.7546 | Z18: =(LN(Y18/$V$6)+($V$7+$V$9^2/2)*$V$8)/($V$9*$V$8^0.5) -> 1.5139712 | AA18: =Z18-$V$9*$V$8^0.5 -> 1.4189618 | AB18: =_xlfn.NORM.S.DIST(Z18,TRUE) -> 0.93498342 | AC18: =_xlfn.NORM.S.DIST(AA18,TRUE) -> 0.92204493 | AD18: =Y18*AB18-$V$6*EXP(-$V$7*$V$8)*AC18 -> 194.20468 | AE18: =AD18-$AC$7 -> 61.479485 | AG18: 4 | AH18: =R18-AD18 -> 3514.0884 | AI18: =S18-AE18 -> -321.09305
A19: 14030830 | B19: 18190 | C19: -0.014192378 | E19: 14030830 | F19: 666.8 | G19: -0.026797292 | I19: 5 | J19: =RAND() -> 0.8003677 | K19: =_xlfn.NORM.S.INV(J19) -> 0.84293534 | L19: =$J$10+$J$11*K19 -> 0.02439723 | M19: =$L$7*EXP(L19) -> 32093.519 | N19: =(LN(M19/$J$6)+($J$7+$J$9^2/2)*$J$8)/($J$9*$J$8^0.5) -> 0.8435614 | O19: =N19-$J$9*$J$8^0.5 -> 0.67232794 | P19: =_xlfn.NORM.S.DIST(N19,TRUE) -> 0.80054273 | Q19: =_xlfn.NORM.S.DIST(O19,TRUE) -> 0.74931253 | R19: =M19*P19-$J$6*EXP(-$J$7*$J$8)*Q19 -> 4571.1975 | S19: =R19-$Q$7 -> 603.29086 | U19: 5 | V19: =RAND() -> 0.35087429 | W19: =_xlfn.NORM.S.INV(V19) -> -0.38296114 | X19: =$V$10+$V$11*W19 -> -0.0056242734 | Y19: =$X$7*EXP(X19) -> 1385.1874 | Z19: =(LN(Y19/$V$6)+($V$7+$V$9^2/2)*$V$8)/($V$9*$V$8^0.5) -> 0.94768933 | AA19: =Z19-$V$9*$V$8^0.5 -> 0.85267998 | AB19: =_xlfn.NORM.S.DIST(Z19,TRUE) -> 0.82835618 | AC19: =_xlfn.NORM.S.DIST(AA19,TRUE) -> 0.8030816 | AD19: =Y19*AB19-$V$6*EXP(-$V$7*$V$8)*AC19 -> 126.19573 | AE19: =AD19-$AC$7 -> -6.5294632 | AG19: 5 | AH19: =R19-AD19 -> 4445.0018 | AI19: =S19-AE19 -> 609.82032
A20: 14030903 | B20: 18620 | C20: 0.023364279 | E20: 14030903 | F20: 685.49 | G20: 0.02764376 | I20: 6 | J20: =RAND() -> 0.073111774 | K20: =_xlfn.NORM.S.INV(J20) -> -1.4530007 | L20: =$J$10+$J$11*K20 -> -0.034523507 | M20: =$L$7*EXP(L20) -> 30257.176 | N20: =(LN(M20/$J$6)+($J$7+$J$9^2/2)*$J$8)/($J$9*$J$8^0.5) -> 0.49946546 | O20: =N20-$J$9*$J$8^0.5 -> 0.328232 | P20: =_xlfn.NORM.S.DIST(N20,TRUE) -> 0.69127424 | Q20: =_xlfn.NORM.S.DIST(O20,TRUE) -> 0.62863187 | R20: =M20*P20-$J$6*EXP(-$J$7*$J$8)*Q20 -> 3196.6224 | S20: =R20-$Q$7 -> -771.28419 | U20: 6 | V20: =RAND() -> 0.85394352 | W20: =_xlfn.NORM.S.INV(V20) -> 1.0534977 | X20: =$V$10+$V$11*W20 -> 0.028760962 | Y20: =$X$7*EXP(X20) -> 1433.6457 | Z20: =(LN(Y20/$V$6)+($V$7+$V$9^2/2)*$V$8)/($V$9*$V$8^0.5) -> 1.3096036 | AA20: =Z20-$V$9*$V$8^0.5 -> 1.2145942 | AB20: =_xlfn.NORM.S.DIST(Z20,TRUE) -> 0.90483501 | AC20: =_xlfn.NORM.S.DIST(AA20,TRUE) -> 0.88773956 | AD20: =Y20*AB20-$V$6*EXP(-$V$7*$V$8)*AC20 -> 168.32539 | AE20: =AD20-$AC$7 -> 35.600193 | AG20: 6 | AH20: =R20-AD20 -> 3028.2971 | AI20: =S20-AE20 -> -806.88439
A21: 14030904 | B21: 19120 | C21: 0.026498636 | E21: 14030904 | F21: 705.9 | G21: 0.029339673 | I21: 7 | J21: =RAND() -> 0.11977218 | K21: =_xlfn.NORM.S.INV(J21) -> -1.1761264 | L21: =$J$10+$J$11*K21 -> -0.027418066 | M21: =$L$7*EXP(L21) -> 30472.932 | N21: =(LN(M21/$J$6)+($J$7+$J$9^2/2)*$J$8)/($J$9*$J$8^0.5) -> 0.5409611 | O21: =N21-$J$9*$J$8^0.5 -> 0.36972764 | P21: =_xlfn.NORM.S.DIST(N21,TRUE) -> 0.7057328 | Q21: =_xlfn.NORM.S.DIST(O21,TRUE) -> 0.64420728 | R21: =M21*P21-$J$6*EXP(-$J$7*$J$8)*Q21 -> 3347.3364 | S21: =R21-$Q$7 -> -620.57027 | U21: 7 | V21: =RAND() -> 0.43316111 | W21: =_xlfn.NORM.S.INV(V21) -> -0.16833186 | X21: =$V$10+$V$11*W21 -> -0.00048658456 | Y21: =$X$7*EXP(X21) -> 1392.3224 | Z21: =(LN(Y21/$V$6)+($V$7+$V$9^2/2)*$V$8)/($V$9*$V$8^0.5) -> 1.0017649 | AA21: =Z21-$V$9*$V$8^0.5 -> 0.9067556 | AB21: =_xlfn.NORM.S.DIST(Z21,TRUE) -> 0.84177143 | AC21: =_xlfn.NORM.S.DIST(AA21,TRUE) -> 0.81773197 | AD21: =Y21*AB21-$V$6*EXP(-$V$7*$V$8)*AC21 -> 132.15435 | AE21: =AD21-$AC$7 -> -0.57084269 | AG21: 7 | AH21: =R21-AD21 -> 3215.182 | AI21: =S21-AE21 -> -619.99943
A22: 14030905 | B22: 19690 | C22: 0.029375985 | E22: 14030905 | F22: 726.89 | G22: 0.029301575 | I22: 8 | J22: =RAND() -> 0.57710695 | K22: =_xlfn.NORM.S.INV(J22) -> 0.19449781 | L22: =$J$10+$J$11*K22 -> 0.0077563415 | M22: =$L$7*EXP(L22) -> 31563.873 | N22: =(LN(M22/$J$6)+($J$7+$J$9^2/2)*$J$8)/($J$9*$J$8^0.5) -> 0.74637894 | O22: =N22-$J$9*$J$8^0.5 -> 0.57514548 | P22: =_xlfn.NORM.S.DIST(N22,TRUE) -> 0.77228073 | Q22: =_xlfn.NORM.S.DIST(O22,TRUE) -> 0.71740354 | R22: =M22*P22-$J$6*EXP(-$J$7*$J$8)*Q22 -> 4154.5609 | S22: =R22-$Q$7 -> 186.65428 | U22: 8 | V22: =RAND() -> 0.80500259 | W22: =_xlfn.NORM.S.INV(V22) -> 0.85962675 | X22: =$V$10+$V$11*W22 -> 0.024120176 | Y22: =$X$7*EXP(X22) -> 1427.0079 | Z22: =(LN(Y22/$V$6)+($V$7+$V$9^2/2)*$V$8)/($V$9*$V$8^0.5) -> 1.260758 | AA22: =Z22-$V$9*$V$8^0.5 -> 1.1657487 | AB22: =_xlfn.NORM.S.DIST(Z22,TRUE) -> 0.89630198 | AC22: =_xlfn.NORM.S.DIST(AA22,TRUE) -> 0.87814196 | AD22: =Y22*AB22-$V$6*EXP(-$V$7*$V$8)*AC22 -> 162.34725 | AE22: =AD22-$AC$7 -> 29.622055 | AG22: 8 | AH22: =R22-AD22 -> 3992.2137 | AI22: =S22-AE22 -> 157.03223
A23: 14030906 | B23: 20230 | C23: 0.027055759 | E23: 14030906 | F23: 741.85 | G23: 0.020371907 | I23: 9 | J23: =RAND() -> 0.3082242 | K23: =_xlfn.NORM.S.INV(J23) -> -0.5008902 | L23: =$J$10+$J$11*K23 -> -0.01008944 | M23: =$L$7*EXP(L23) -> 31005.588 | N23: =(LN(M23/$J$6)+($J$7+$J$9^2/2)*$J$8)/($J$9*$J$8^0.5) -> 0.64215992 | O23: =N23-$J$9*$J$8^0.5 -> 0.47092647 | P23: =_xlfn.NORM.S.DIST(N23,TRUE) -> 0.73961532 | Q23: =_xlfn.NORM.S.DIST(O23,TRUE) -> 0.68115338 | R23: =M23*P23-$J$6*EXP(-$J$7*$J$8)*Q23 -> 3732.3889 | S23: =R23-$Q$7 -> -235.51769 | U23: 9 | V23: =RAND() -> 0.79431008 | W23: =_xlfn.NORM.S.INV(V23) -> 0.82146783 | X23: =$V$10+$V$11*W23 -> 0.023206747 | Y23: =$X$7*EXP(X23) -> 1425.705 | Z23: =(LN(Y23/$V$6)+($V$7+$V$9^2/2)*$V$8)/($V$9*$V$8^0.5) -> 1.2511439 | AA23: =Z23-$V$9*$V$8^0.5 -> 1.1561346 | AB23: =_xlfn.NORM.S.DIST(Z23,TRUE) -> 0.89455901 | AC23: =_xlfn.NORM.S.DIST(AA23,TRUE) -> 0.87618694 | AD23: =Y23*AB23-$V$6*EXP(-$V$7*$V$8)*AC23 -> 161.18061 | AE23: =AD23-$AC$7 -> 28.455418 | AG23: 9 | AH23: =R23-AD23 -> 3571.2083 | AI23: =S23-AE23 -> -263.97311
A24: 14030907 | B24: 20670 | C24: 0.021516723 | E24: 14030907 | F24: 754.5 | G24: 0.016908212 | I24: 10 | J24: =RAND() -> 0.27893188 | K24: =_xlfn.NORM.S.INV(J24) -> -0.5860175 | L24: =$J$10+$J$11*K24 -> -0.012274067 | M24: =$L$7*EXP(L24) -> 30937.926 | N24: =(LN(M24/$J$6)+($J$7+$J$9^2/2)*$J$8)/($J$9*$J$8^0.5) -> 0.62940175 | O24: =N24-$J$9*$J$8^0.5 -> 0.45816829 | P24: =_xlfn.NORM.S.DIST(N24,TRUE) -> 0.73545696 | Q24: =_xlfn.NORM.S.DIST(O24,TRUE) -> 0.67658423 | R24: =M24*P24-$J$6*EXP(-$J$7*$J$8)*Q24 -> 3682.4857 | S24: =R24-$Q$7 -> -285.42088 | U24: 10 | V24: =RAND() -> 0.86595643 | W24: =_xlfn.NORM.S.INV(V24) -> 1.1074784 | X24: =$V$10+$V$11*W24 -> 0.030053125 | Y24: =$X$7*EXP(X24) -> 1435.4994 | Z24: =(LN(Y24/$V$6)+($V$7+$V$9^2/2)*$V$8)/($V$9*$V$8^0.5) -> 1.323204 | AA24: =Z24-$V$9*$V$8^0.5 -> 1.2281946 | AB24: =_xlfn.NORM.S.DIST(Z24,TRUE) -> 0.90711622 | AC24: =_xlfn.NORM.S.DIST(AA24,TRUE) -> 0.89031304 | AD24: =Y24*AB24-$V$6*EXP(-$V$7*$V$8)*AC24 -> 170.0048 | AE24: =AD24-$AC$7 -> 37.279608 | AG24: 10 | AH24: =R24-AD24 -> 3512.4809 | AI24: =S24-AE24 -> -322.70049
A25: 14030910 | B25: 20920 | C25: 0.012022266 | E25: 14030910 | F25: 757.09 | G25: 0.0034268585 | I25: 11 | J25: =RAND() -> 0.91637604 | K25: =_xlfn.NORM.S.INV(J25) -> 1.381101 | L25: =$J$10+$J$11*K25 -> 0.038208205 | M25: =$L$7*EXP(L25) -> 32539.836 | N25: =(LN(M25/$J$6)+($J$7+$J$9^2/2)*$J$8)/($J$9*$J$8^0.5) -> 0.92421721 | O25: =N25-$J$9*$J$8^0.5 -> 0.75298376 | P25: =_xlfn.NORM.S.DIST(N25,TRUE) -> 0.82231338 | Q25: =_xlfn.NORM.S.DIST(O25,TRUE) -> 0.77427016 | R25: =M25*P25-$J$6*EXP(-$J$7*$J$8)*Q25 -> 4933.4211 | S25: =R25-$Q$7 -> 965.51447 | U25: 11 | V25: =RAND() -> 0.90245804 | W25: =_xlfn.NORM.S.INV(V25) -> 1.2956853 | X25: =$V$10+$V$11*W25 -> 0.034558329 | Y25: =$X$7*EXP(X25) -> 1441.9812 | Z25: =(LN(Y25/$V$6)+($V$7+$V$9^2/2)*$V$8)/($V$9*$V$8^0.5) -> 1.3706225 | AA25: =Z25-$V$9*$V$8^0.5 -> 1.2756132 | AB25: =_xlfn.NORM.S.DIST(Z25,TRUE) -> 0.91475367 | AC25: =_xlfn.NORM.S.DIST(AA25,TRUE) -> 0.89895385 | AD25: =Y25*AB25-$V$6*EXP(-$V$7*$V$8)*AC25 -> 175.90959 | AE25: =AD25-$AC$7 -> 43.184395 | AG25: 11 | AH25: =R25-AD25 -> 4757.5115 | AI25: =S25-AE25 -> 922.33007
A26: 14030911 | B26: 20800 | C26: -0.0057526525 | E26: 14030911 | F26: 744.72 | G26: -0.016473828 | I26: 12 | J26: =RAND() -> 0.77686594 | K26: =_xlfn.NORM.S.INV(J26) -> 0.76165134 | L26: =$J$10+$J$11*K26 -> 0.022311234 | M26: =$L$7*EXP(L26) -> 32026.642 | N26: =(LN(M26/$J$6)+($J$7+$J$9^2/2)*$J$8)/($J$9*$J$8^0.5) -> 0.83137922 | O26: =N26-$J$9*$J$8^0.5 -> 0.66014576 | P26: =_xlfn.NORM.S.DIST(N26,TRUE) -> 0.79712028 | Q26: =_xlfn.NORM.S.DIST(O26,TRUE) -> 0.74541985 | R26: =M26*P26-$J$6*EXP(-$J$7*$J$8)*Q26 -> 4517.7737 | S26: =R26-$Q$7 -> 549.86703 | U26: 12 | V26: =RAND() -> 0.88639678 | W26: =_xlfn.NORM.S.INV(V26) -> 1.2075863 | X26: =$V$10+$V$11*W26 -> 0.032449458 | Y26: =$X$7*EXP(X26) -> 1438.9435 | Z26: =(LN(Y26/$V$6)+($V$7+$V$9^2/2)*$V$8)/($V$9*$V$8^0.5) -> 1.348426 | AA26: =Z26-$V$9*$V$8^0.5 -> 1.2534167 | AB26: =_xlfn.NORM.S.DIST(Z26,TRUE) -> 0.9112393 | AC26: =_xlfn.NORM.S.DIST(AA26,TRUE) -> 0.89497295 | AD26: =Y26*AB26-$V$6*EXP(-$V$7*$V$8)*AC26 -> 173.13611 | AE26: =AD26-$AC$7 -> 40.410912 | AG26: 12 | AH26: =R26-AD26 -> 4344.6376 | AI26: =S26-AE26 -> 509.45612
... A252: 14040924 | B252: 31320 | C252: 0.031130919 | E252: 14040924 | F252: 1393 | G252: 0.02839652 | I252: 238 | J252: =RAND() -> 0.60800051 | K252: =_xlfn.NORM.S.INV(J252) -> 0.27411143 | L252: =$J$10+$J$11*K252 -> 0.0097994704 | M252: =$L$7*EXP(L252) -> 31628.428 | N252: =(LN(M252/$J$6)+($J$7+$J$9^2/2)*$J$8)/($J$9*$J$8^0.5) -> 0.75831077 | O252: =N252-$J$9*$J$8^0.5 -> 0.58707731 | P252: =_xlfn.NORM.S.DIST(N252,TRUE) -> 0.77586752 | Q252: =_xlfn.NORM.S.DIST(O252,TRUE) -> 0.72142411 | R252: =M252*P252-$J$6*EXP(-$J$7*$J$8)*Q252 -> 4204.5315 | S252: =R252-$Q$7 -> 236.62484 | U252: 238 | V252: =RAND() -> 0.87549495 | W252: =_xlfn.NORM.S.INV(V252) -> 1.1527571 | X252: =$V$10+$V$11*W252 -> 0.031136985 | Y252: =$X$7*EXP(X252) -> 1437.0561 | Z252: =(LN(Y252/$V$6)+($V$7+$V$9^2/2)*$V$8)/($V$9*$V$8^0.5) -> 1.3346119 | AA252: =Z252-$V$9*$V$8^0.5 -> 1.2396025 | AB252: =_xlfn.NORM.S.DIST(Z252,TRUE) -> 0.9089983 | AC252: =_xlfn.NORM.S.DIST(AA252,TRUE) -> 0.89243878 | AD252: =Y252*AB252-$V$6*EXP(-$V$7*$V$8)*AC252 -> 171.4184 | AE252: =AD252-$AC$7 -> 38.693206 | AG252: 238 | AH252: =R252-AD252 -> 4033.1131 | AI252: =S252-AE252 -> 197.93163
I253: 239 | J253: =RAND() -> 0.306643 | K253: =_xlfn.NORM.S.INV(J253) -> -0.50538849 | L253: =$J$10+$J$11*K253 -> -0.01020488 | M253: =$L$7*EXP(L253) -> 31002.008 | N253: =(LN(M253/$J$6)+($J$7+$J$9^2/2)*$J$8)/($J$9*$J$8^0.5) -> 0.64148576 | O253: =N253-$J$9*$J$8^0.5 -> 0.4702523 | P253: =_xlfn.NORM.S.DIST(N253,TRUE) -> 0.73939643 | Q253: =_xlfn.NORM.S.DIST(O253,TRUE) -> 0.68091261 | R253: =M253*P253-$J$6*EXP(-$J$7*$J$8)*Q253 -> 3729.7422 | S253: =R253-$Q$7 -> -238.16443 | U253: 239 | V253: =RAND() -> 0.72815611 | W253: =_xlfn.NORM.S.INV(V253) -> 0.60724582 | X253: =$V$10+$V$11*W253 -> 0.018078807 | Y253: =$X$7*EXP(X253) -> 1418.4128 | Z253: =(LN(Y253/$V$6)+($V$7+$V$9^2/2)*$V$8)/($V$9*$V$8^0.5) -> 1.1971709 | AA253: =Z253-$V$9*$V$8^0.5 -> 1.1021616 | AB253: =_xlfn.NORM.S.DIST(Z253,TRUE) -> 0.88438003 | AC253: =_xlfn.NORM.S.DIST(AA253,TRUE) -> 0.86480428 | AD253: =Y253*AB253-$V$6*EXP(-$V$7*$V$8)*AC253 -> 154.69397 | AE253: =AD253-$AC$7 -> 21.968774 | AG253: 239 | AH253: =R253-AD253 -> 3575.0482 | AI253: =S253-AE253 -> -260.13321
I254: 240 | J254: =RAND() -> 0.96101059 | K254: =_xlfn.NORM.S.INV(J254) -> 1.7625358 | L254: =$J$10+$J$11*K254 -> 0.047996989 | M254: =$L$7*EXP(L254) -> 32859.926 | N254: =(LN(M254/$J$6)+($J$7+$J$9^2/2)*$J$8)/($J$9*$J$8^0.5) -> 0.98138352 | O254: =N254-$J$9*$J$8^0.5 -> 0.81015006 | P254: =_xlfn.NORM.S.DIST(N254,TRUE) -> 0.83679817 | Q254: =_xlfn.NORM.S.DIST(O254,TRUE) -> 0.79107303 | R254: =M254*P254-$J$6*EXP(-$J$7*$J$8)*Q254 -> 5198.978 | S254: =R254-$Q$7 -> 1231.0714 | U254: 240 | V254: =RAND() -> 0.78131441 | W254: =_xlfn.NORM.S.INV(V254) -> 0.77664002 | X254: =$V$10+$V$11*W254 -> 0.022133681 | Y254: =$X$7*EXP(X254) -> 1424.176 | Z254: =(LN(Y254/$V$6)+($V$7+$V$9^2/2)*$V$8)/($V$9*$V$8^0.5) -> 1.2398496 | AA254: =Z254-$V$9*$V$8^0.5 -> 1.1448403 | AB254: =_xlfn.NORM.S.DIST(Z254,TRUE) -> 0.89248448 | AC254: =_xlfn.NORM.S.DIST(AA254,TRUE) -> 0.87386233 | AD254: =Y254*AB254-$V$6*EXP(-$V$7*$V$8)*AC254 -> 159.81436 | AE254: =AD254-$AC$7 -> 27.089171 | AG254: 240 | AH254: =R254-AD254 -> 5039.1637 | AI254: =S254-AE254 -> 1203.9822
I255: 241 | J255: =RAND() -> 0.95802338 | K255: =_xlfn.NORM.S.INV(J255) -> 1.7281952 | L255: =$J$10+$J$11*K255 -> 0.047115704 | M255: =$L$7*EXP(L255) -> 32830.98 | N255: =(LN(M255/$J$6)+($J$7+$J$9^2/2)*$J$8)/($J$9*$J$8^0.5) -> 0.97623683 | O255: =N255-$J$9*$J$8^0.5 -> 0.80500338 | P255: =_xlfn.NORM.S.DIST(N255,TRUE) -> 0.83552644 | Q255: =_xlfn.NORM.S.DIST(O255,TRUE) -> 0.78959113 | R255: =M255*P255-$J$6*EXP(-$J$7*$J$8)*Q255 -> 5174.7743 | S255: =R255-$Q$7 -> 1206.8677 | U255: 241 | V255: =RAND() -> 0.61894513 | W255: =_xlfn.NORM.S.INV(V255) -> 0.30271148 | X255: =$V$10+$V$11*W255 -> 0.010789016 | Y255: =$X$7*EXP(X255) -> 1408.1105 | Z255: =(LN(Y255/$V$6)+($V$7+$V$9^2/2)*$V$8)/($V$9*$V$8^0.5) -> 1.1204438 | AA255: =Z255-$V$9*$V$8^0.5 -> 1.0254345 | AB255: =_xlfn.NORM.S.DIST(Z255,TRUE) -> 0.86873766 | AC255: =_xlfn.NORM.S.DIST(AA255,TRUE) -> 0.84742088 | AD255: =Y255*AB255-$V$6*EXP(-$V$7*$V$8)*AC255 -> 145.66207 | AE255: =AD255-$AC$7 -> 12.936878 | AG255: 241 | AH255: =R255-AD255 -> 5029.1122 | AI255: =S255-AE255 -> 1193.9308
I256: 242 | J256: =RAND() -> 0.87859226 | K256: =_xlfn.NORM.S.INV(J256) -> 1.1679784 | L256: =$J$10+$J$11*K256 -> 0.032738829 | M256: =$L$7*EXP(L256) -> 32362.35 | N256: =(LN(M256/$J$6)+($J$7+$J$9^2/2)*$J$8)/($J$9*$J$8^0.5) -> 0.89227617 | O256: =N256-$J$9*$J$8^0.5 -> 0.72104271 | P256: =_xlfn.NORM.S.DIST(N256,TRUE) -> 0.81387754 | Q256: =_xlfn.NORM.S.DIST(O256,TRUE) -> 0.76455838 | R256: =M256*P256-$J$6*EXP(-$J$7*$J$8)*Q256 -> 4788.2157 | S256: =R256-$Q$7 -> 820.30903 | U256: 242 | V256: =RAND() -> 0.22548607 | W256: =_xlfn.NORM.S.INV(V256) -> -0.75379533 | X256: =$V$10+$V$11*W256 -> -0.014501117 | Y256: =$X$7*EXP(X256) -> 1372.9457 | Z256: =(LN(Y256/$V$6)+($V$7+$V$9^2/2)*$V$8)/($V$9*$V$8^0.5) -> 0.85425805 | AA256: =Z256-$V$9*$V$8^0.5 -> 0.75924871 | AB256: =_xlfn.NORM.S.DIST(Z256,TRUE) -> 0.80351899 | AC256: =_xlfn.NORM.S.DIST(AA256,TRUE) -> 0.7761481 | AD256: =Y256*AB256-$V$6*EXP(-$V$7*$V$8)*AC256 -> 116.20493 | AE256: =AD256-$AC$7 -> -16.520265 | AG256: 242 | AH256: =R256-AD256 -> 4672.0107 | AI256: =S256-AE256 -> 836.8293
I257: 243 | J257: =RAND() -> 0.054763646 | K257: =_xlfn.NORM.S.INV(J257) -> -1.6003214 | L257: =$J$10+$J$11*K257 -> -0.038304206 | M257: =$L$7*EXP(L257) -> 30142.998 | N257: =(LN(M257/$J$6)+($J$7+$J$9^2/2)*$J$8)/($J$9*$J$8^0.5) -> 0.47738625 | O257: =N257-$J$9*$J$8^0.5 -> 0.30615279 | P257: =_xlfn.NORM.S.DIST(N257,TRUE) -> 0.68345645 | Q257: =_xlfn.NORM.S.DIST(O257,TRUE) -> 0.62025584 | R257: =M257*P257-$J$6*EXP(-$J$7*$J$8)*Q257 -> 3118.1398 | S257: =R257-$Q$7 -> -849.76681 | U257: 243 | V257: =RAND() -> 0.032020062 | W257: =_xlfn.NORM.S.INV(V257) -> -1.8519004 | X257: =$V$10+$V$11*W257 -> -0.040787009 | Y257: =$X$7*EXP(X257) -> 1337.3268 | Z257: =(LN(Y257/$V$6)+($V$7+$V$9^2/2)*$V$8)/($V$9*$V$8^0.5) -> 0.57759166 | AA257: =Z257-$V$9*$V$8^0.5 -> 0.48258231 | AB257: =_xlfn.NORM.S.DIST(Z257,TRUE) -> 0.71823008 | AC257: =_xlfn.NORM.S.DIST(AA257,TRUE) -> 0.68530383 | AD257: =Y257*AB257-$V$6*EXP(-$V$7*$V$8)*AC257 -> 89.046762 | AE257: =AD257-$AC$7 -> -43.678431 | AG257: 243 | AH257: =R257-AD257 -> 3029.0931 | AI257: =S257-AE257 -> -806.08838
I258: 244 | J258: =RAND() -> 0.75099655 | K258: =_xlfn.NORM.S.INV(J258) -> 0.67762909 | L258: =$J$10+$J$11*K258 -> 0.020154967 | M258: =$L$7*EXP(L258) -> 31957.658 | N258: =(LN(M258/$J$6)+($J$7+$J$9^2/2)*$J$8)/($J$9*$J$8^0.5) -> 0.81878666 | O258: =N258-$J$9*$J$8^0.5 -> 0.6475532 | P258: =_xlfn.NORM.S.DIST(N258,TRUE) -> 0.79354593 | Q258: =_xlfn.NORM.S.DIST(O258,TRUE) -> 0.74136301 | R258: =M258*P258-$J$6*EXP(-$J$7*$J$8)*Q258 -> 4462.9085 | S258: =R258-$Q$7 -> 495.00182 | U258: 244 | V258: =RAND() -> 0.1523139 | W258: =_xlfn.NORM.S.INV(V258) -> -1.0265598 | X258: =$V$10+$V$11*W258 -> -0.021030417 | Y258: =$X$7*EXP(X258) -> 1364.0105 | Z258: =(LN(Y258/$V$6)+($V$7+$V$9^2/2)*$V$8)/($V$9*$V$8^0.5) -> 0.78553534 | AA258: =Z258-$V$9*$V$8^0.5 -> 0.69052599 | AB258: =_xlfn.NORM.S.DIST(Z258,TRUE) -> 0.78393012 | AC258: =_xlfn.NORM.S.DIST(AA258,TRUE) -> 0.75506827 | AD258: =Y258*AB258-$V$6*EXP(-$V$7*$V$8)*AC258 -> 109.11194 | AE258: =AD258-$AC$7 -> -23.613248 | AG258: 244 | AH258: =R258-AD258 -> 4353.7965 | AI258: =S258-AE258 -> 518.61507
I259: 245 | J259: =RAND() -> 0.80518856 | K259: =_xlfn.NORM.S.INV(J259) -> 0.86030146 | L259: =$J$10+$J$11*K259 -> 0.024842898 | M259: =$L$7*EXP(L259) -> 32107.825 | N259: =(LN(M259/$J$6)+($J$7+$J$9^2/2)*$J$8)/($J$9*$J$8^0.5) -> 0.84616409 | O259: =N259-$J$9*$J$8^0.5 -> 0.67493063 | P259: =_xlfn.NORM.S.DIST(N259,TRUE) -> 0.80126939 | Q259: =_xlfn.NORM.S.DIST(O259,TRUE) -> 0.75014008 | R259: =M259*P259-$J$6*EXP(-$J$7*$J$8)*Q259 -> 4582.6554 | S259: =R259-$Q$7 -> 614.74881 | U259: 245 | V259: =RAND() -> 0.94964464 | W259: =_xlfn.NORM.S.INV(V259) -> 1.6414178 | X259: =$V$10+$V$11*W259 -> 0.0428343 | Y259: =$X$7*EXP(X259) -> 1453.9645 | Z259: =(LN(Y259/$V$6)+($V$7+$V$9^2/2)*$V$8)/($V$9*$V$8^0.5) -> 1.4577294 | AA259: =Z259-$V$9*$V$8^0.5 -> 1.3627201 | AB259: =_xlfn.NORM.S.DIST(Z259,TRUE) -> 0.92754243 | AC259: =_xlfn.NORM.S.DIST(AA259,TRUE) -> 0.91351463 | AD259: =Y259*AB259-$V$6*EXP(-$V$7*$V$8)*AC259 -> 186.94967 | AE259: =AD259-$AC$7 -> 54.224478 | AG259: 245 | AH259: =R259-AD259 -> 4395.7058 | AI259: =S259-AE259 -> 560.52433
I260: 246 | J260: =RAND() -> 0.68418379 | K260: =_xlfn.NORM.S.INV(J260) -> 0.47943047 | L260: =$J$10+$J$11*K260 -> 0.015068584 | M260: =$L$7*EXP(L260) -> 31795.522 | N260: =(LN(M260/$J$6)+($J$7+$J$9^2/2)*$J$8)/($J$9*$J$8^0.5) -> 0.78908229 | O260: =N260-$J$9*$J$8^0.5 -> 0.61784883 | P260: =_xlfn.NORM.S.DIST(N260,TRUE) -> 0.78496804 | Q260: =_xlfn.NORM.S.DIST(O260,TRUE) -> 0.7316625 | R260: =M260*P260-$J$6*EXP(-$J$7*$J$8)*Q260 -> 4334.938 | S260: =R260-$Q$7 -> 367.03136 | U260: 246 | V260: =RAND() -> 0.66636979 | W260: =_xlfn.NORM.S.INV(V260) -> 0.42991096 | X260: =$V$10+$V$11*W260 -> 0.013833854 | Y260: =$X$7*EXP(X260) -> 1412.4045 | Z260: =(LN(Y260/$V$6)+($V$7+$V$9^2/2)*$V$8)/($V$9*$V$8^0.5) -> 1.1524916 | AA260: =Z260-$V$9*$V$8^0.5 -> 1.0574822 | AB260: =_xlfn.NORM.S.DIST(Z260,TRUE) -> 0.87544044 | AC260: =_xlfn.NORM.S.DIST(AA260,TRUE) -> 0.85485422 | AD260: =Y260*AB260-$V$6*EXP(-$V$7*$V$8)*AC260 -> 149.40692 | AE260: =AD260-$AC$7 -> 16.681725 | AG260: 246 | AH260: =R260-AD260 -> 4185.5311 | AI260: =S260-AE260 -> 350.34963
I261: 247 | J261: =RAND() -> 0.33672625 | K261: =_xlfn.NORM.S.INV(J261) -> -0.4214144 | L261: =$J$10+$J$11*K261 -> -0.0080498484 | M261: =$L$7*EXP(L261) -> 31068.891 | N261: =(LN(M261/$J$6)+($J$7+$J$9^2/2)*$J$8)/($J$9*$J$8^0.5) -> 0.6540711 | O261: =N261-$J$9*$J$8^0.5 -> 0.48283764 | P261: =_xlfn.NORM.S.DIST(N261,TRUE) -> 0.743467 | Q261: =_xlfn.NORM.S.DIST(O261,TRUE) -> 0.68539449 | R261: =M261*P261-$J$6*EXP(-$J$7*$J$8)*Q261 -> 3779.3311 | S261: =R261-$Q$7 -> -188.57551 | U261: 247 | V261: =RAND() -> 0.75417201 | W261: =_xlfn.NORM.S.INV(V261) -> 0.68767737 | X261: =$V$10+$V$11*W261 -> 0.020004138 | Y261: =$X$7*EXP(X261) -> 1421.1463 | Z261: =(LN(Y261/$V$6)+($V$7+$V$9^2/2)*$V$8)/($V$9*$V$8^0.5) -> 1.2174355 | AA261: =Z261-$V$9*$V$8^0.5 -> 1.1224262 | AB261: =_xlfn.NORM.S.DIST(Z261,TRUE) -> 0.88828073 | AC261: =_xlfn.NORM.S.DIST(AA261,TRUE) -> 0.86915937 | AD261: =Y261*AB261-$V$6*EXP(-$V$7*$V$8)*AC261 -> 157.11681 | AE261: =AD261-$AC$7 -> 24.39162 | AG261: 247 | AH261: =R261-AD261 -> 3622.2143 | AI261: =S261-AE261 -> -212.96713
I262: 248 | J262: =RAND() -> 0.43667084 | K262: =_xlfn.NORM.S.INV(J262) -> -0.1594153 | L262: =$J$10+$J$11*K262 -> -0.0013261506 | M262: =$L$7*EXP(L262) -> 31278.492 | N262: =(LN(M262/$J$6)+($J$7+$J$9^2/2)*$J$8)/($J$9*$J$8^0.5) -> 0.69333736 | O262: =N262-$J$9*$J$8^0.5 -> 0.5221039 | P262: =_xlfn.NORM.S.DIST(N262,TRUE) -> 0.75595107 | Q262: =_xlfn.NORM.S.DIST(O262,TRUE) -> 0.69920101 | R262: =M262*P262-$J$6*EXP(-$J$7*$J$8)*Q262 -> 3936.4786 | S262: =R262-$Q$7 -> -31.427988 | U262: 248 | V262: =RAND() -> 0.022233127 | W262: =_xlfn.NORM.S.INV(V262) -> -2.0096688 | X262: =$V$10+$V$11*W262 -> -0.044563591 | Y262: =$X$7*EXP(X262) -> 1332.2858 | Z262: =(LN(Y262/$V$6)+($V$7+$V$9^2/2)*$V$8)/($V$9*$V$8^0.5) -> 0.53784208 | AA262: =Z262-$V$9*$V$8^0.5 -> 0.44283274 | AB262: =_xlfn.NORM.S.DIST(Z262,TRUE) -> 0.70465696 | AC262: =_xlfn.NORM.S.DIST(AA262,TRUE) -> 0.67105664 | AD262: =Y262*AB262-$V$6*EXP(-$V$7*$V$8)*AC262 -> 85.460228 | AE262: =AD262-$AC$7 -> -47.264965 | AG262: 248 | AH262: =R262-AD262 -> 3851.0184 | AI262: =S262-AE262 -> 15.836976
I263: 249 | J263: =RAND() -> 0.50806113 | K263: =_xlfn.NORM.S.INV(J263) -> 0.020207634 | L263: =$J$10+$J$11*K263 -> 0.0032835229 | M263: =$L$7*EXP(L263) -> 31423.009 | N263: =(LN(M263/$J$6)+($J$7+$J$9^2/2)*$J$8)/($J$9*$J$8^0.5) -> 0.72025776 | O263: =N263-$J$9*$J$8^0.5 -> 0.54902431 | P263: =_xlfn.NORM.S.DIST(N263,TRUE) -> 0.76431685 | Q263: =_xlfn.NORM.S.DIST(O263,TRUE) -> 0.70850562 | R263: =M263*P263-$J$6*EXP(-$J$7*$J$8)*Q263 -> 4046.3329 | S263: =R263-$Q$7 -> 78.426268 | U263: 249 | V263: =RAND() -> 0.97537674 | W263: =_xlfn.NORM.S.INV(V263) -> 1.9664511 | X263: =$V$10+$V$11*W263 -> 0.050614786 | Y263: =$X$7*EXP(X263) -> 1465.3212 | Z263: =(LN(Y263/$V$6)+($V$7+$V$9^2/2)*$V$8)/($V$9*$V$8^0.5) -> 1.5396212 | AA263: =Z263-$V$9*$V$8^0.5 -> 1.4446119 | AB263: =_xlfn.NORM.S.DIST(Z263,TRUE) -> 0.93817364 | AC263: =_xlfn.NORM.S.DIST(AA263,TRUE) -> 0.92571653 | AD263: =Y263*AB263-$V$6*EXP(-$V$7*$V$8)*AC263 -> 197.54515 | AE263: =AD263-$AC$7 -> 64.819955 | AG263: 249 | AH263: =R263-AD263 -> 3848.7878 | AI263: =S263-AE263 -> 13.606313
I264: 250 | J264: =RAND() -> 0.53211919 | K264: =_xlfn.NORM.S.INV(J264) -> 0.080598058 | L264: =$J$10+$J$11*K264 -> 0.0048333257 | M264: =$L$7*EXP(L264) -> 31471.746 | N264: =(LN(M264/$J$6)+($J$7+$J$9^2/2)*$J$8)/($J$9*$J$8^0.5) -> 0.72930858 | O264: =N264-$J$9*$J$8^0.5 -> 0.55807512 | P264: =_xlfn.NORM.S.DIST(N264,TRUE) -> 0.76709354 | Q264: =_xlfn.NORM.S.DIST(O264,TRUE) -> 0.71160346 | R264: =M264*P264-$J$6*EXP(-$J$7*$J$8)*Q264 -> 4083.6513 | S264: =R264-$Q$7 -> 115.74471 | U264: 250 | V264: =RAND() -> 0.92010956 | W264: =_xlfn.NORM.S.INV(V264) -> 1.4058089 | X264: =$V$10+$V$11*W264 -> 0.037194412 | Y264: =$X$7*EXP(X264) -> 1445.7874 | Z264: =(LN(Y264/$V$6)+($V$7+$V$9^2/2)*$V$8)/($V$9*$V$8^0.5) -> 1.398368 | AA264: =Z264-$V$9*$V$8^0.5 -> 1.3033587 | AB264: =_xlfn.NORM.S.DIST(Z264,TRUE) -> 0.91899871 | AC264: =_xlfn.NORM.S.DIST(AA264,TRUE) -> 0.90377383 | AD264: =Y264*AB264-$V$6*EXP(-$V$7*$V$8)*AC264 -> 179.39945 | AE264: =AD264-$AC$7 -> 46.674261 | AG264: 250 | AH264: =R264-AD264 -> 3904.2519 | AI264: =S264-AE264 -> 69.070445
... I1014: 1000 | J1014: =RAND() -> 0.57156677 | K1014: =_xlfn.NORM.S.INV(J1014) -> 0.18036446 | L1014: =$J$10+$J$11*K1014 -> 0.0073936364 | M1014: =$L$7*EXP(L1014) -> 31552.427 | N1014: =(LN(M1014/$J$6)+($J$7+$J$9^2/2)*$J$8)/($J$9*$J$8^0.5) -> 0.74426075 | O1014: =N1014-$J$9*$J$8^0.5 -> 0.57302729 | P1014: =_xlfn.NORM.S.DIST(N1014,TRUE) -> 0.77164063 | Q1014: =_xlfn.NORM.S.DIST(O1014,TRUE) -> 0.71668689 | R1014: =M1014*P1014-$J$6*EXP(-$J$7*$J$8)*Q1014 -> 4145.7248 | S1014: =R1014-$Q$7 -> 177.81819 | U1014: 1000 | V1014: =RAND() -> 0.092042009 | W1014: =_xlfn.NORM.S.INV(V1014) -> -1.3282849 | X1014: =$V$10+$V$11*W1014 -> -0.028252961 | Y1014: =$X$7*EXP(X1014) -> 1354.1944 | Z1014: =(LN(Y1014/$V$6)+($V$7+$V$9^2/2)*$V$8)/($V$9*$V$8^0.5) -> 0.70951603 | AA1014: =Z1014-$V$9*$V$8^0.5 -> 0.61450669 | AB1014: =_xlfn.NORM.S.DIST(Z1014,TRUE) -> 0.76099785 | AC1014: =_xlfn.NORM.S.DIST(AA1014,TRUE) -> 0.73055972 | AD1014: =Y1014*AB1014-$V$6*EXP(-$V$7*$V$8)*AC1014 -> 101.52813 | AE1014: =AD1014-$AC$7 -> -31.19706 | AG1014: 1000 | AH1014: =R1014-AD1014 -> 4044.1967 | AI1014: =S1014-AE1014 -> 209.01525

Sheet MonteCarlo02
A1: تاریخ | B1: قیمت پایانی اهرم | C1: بازدهی | E1: تاریخ | F1: قیمت پایانی وبملت | G1: بازدهی | Q1: اختیار خرید بر روی اهرم (موقعیت خرید) | Z1: اختیار خرید بر روی ملت (موقعیت فروش)
A2: 14030807 | B2: 15690 | E2: 14030807 | F2: 574.5
A3: 14030808 | B3: 15470 | C3: -0.014120902 | E3: 14030808 | F3: 577.95 | G3: 0.0059872625 | J3: میانگین | Q3: پارامترها | Z3: پارامترها
A4: 14030809 | B4: 15650 | C4: 0.011568252 | E4: 14030809 | F4: 588.59 | G4: 0.018242486 | J4: =R8 -> 0.0027649332 | K4: =AA8 -> 0.0035428595 | Q4: قیمت توافقی | R4: 30000 | Z4: قیمت توافقی | AA4: 1300 | AI4: پرتفوی
A5: 14030812 | B5: 15850 | C5: 0.012698583 | E5: 14030812 | F5: 589.74 | G5: 0.0019519156 | J5: واریانس-کوواریانس | Q5: نرخ بدون ریسک | R5: 0.35 | Z5: نرخ بدون ریسک | AA5: 0.35
A6: 14030813 | B6: 15380 | C6: -0.030101536 | E6: 14030813 | F6: 572.2 | G6: -0.030193181 | J6: =R9^2 -> 0.00065859246 | K6: =_xlfn.COVARIANCE.S(C3:C252,G3:G252) -> 0.00048109207 | Q6: سررسید | R6: =65/365 -> 0.17808219 | U6: VaR | Z6: سررسید | AA6: =23/365 -> 0.063013699 | AD6: VaR | AI6: VaR
A7: 14030814 | B7: 15120 | C7: -0.017049593 | E7: 14030814 | F7: 560.12 | G7: -0.021337534 | J7: =_xlfn.COVARIANCE.S(G3:G252,C3:C252) -> 0.00048109207 | K7: =AA9^2 -> 0.00057300398 | Q7: نوسان سالانه | R7: =R9*(250^0.5) -> 0.40576855 | U7: 0.99 | V7: =PERCENTILE(X$18:X$1017,1-U7) -> -1419.6378 | Z7: نوسان سالانه | AA7: =AA9*(250^0.5) -> 0.37848513 | AD7: 0.99 | AE7: =PERCENTILE(AG$18:AG$1017,1-AD7) -> -34.999943 | AJ7: مستقل | AK7: همبسته
A8: 14030815 | B8: 15360 | C8: 0.015748357 | E8: 14030815 | F8: 576.8 | G8: 0.029344539 | J8: ماتریس A | Q8: میانگین بازدهی روزانه | R8: =AVERAGE(C3:C252) -> 0.0027649332 | U8: 0.95 | V8: =PERCENTILE(X$18:X$1017,1-U8) -> -1129.8319 | Z8: میانگین بازدهی روزانه | AA8: =AVERAGE(G3:G252) -> 0.0035428595 | AD8: 0.95 | AE8: =PERCENTILE(AG$18:AG$1017,1-AD8) -> -22.937959 | AI8: 0.99 | AJ8: =MonteCarlo01!AL10 -> -1268.1433 | AK8: =PERCENTILE(AK$18:AK$1017,1-AI8) -> -1402.7269
A9: 14030816 | B9: 15220 | C9: -0.0091563753 | E9: 14030816 | F9: 581.4 | G9: 0.0079434022 | J9: =R9 -> 0.025663056 | K9: 0 | Q9: نوسان روزانه | R9: =_xlfn.STDEV.S(C3:C252) -> 0.025663056 | Z9: نوسان روزانه | AA9: =_xlfn.STDEV.S(G3:G252) -> 0.023937502 | AI9: 0.95 | AJ9: =MonteCarlo01!AL11 -> -900.06784 | AK9: =PERCENTILE(AK$18:AK$1017,1-AI9) -> -1107.6574
A10: 14030819 | B10: 15660 | C10: 0.028499338 | E10: 14030819 | F10: 598.36 | G10: 0.028753591 | J10: =K6/R9 -> 0.018746484 | K10: =(K7-(K6/R9)^2)^0.5 -> 0.014885339
A11: 14030820 | B11: 16120 | C11: 0.028951047 | E11: 14030820 | F11: 616.19 | G11: 0.029362778 | J11: تست | Q11: مقادیر فعلی | Z11: مقادیر فعلی | AI11: ارزش کنونی
A12: 14030821 | B12: 16570 | C12: 0.027533094 | E12: 14030821 | F12: 633.73 | G12: 0.028067639 | J12: {=MMULT(A,TRANSPOSE(A))} -> 0.00065859246 | K12: 0.00048109207 | Q12: S | R12: d1 | S12: d2 | T12: Φ(d1) | U12: Φ(d2) | V12: c | Z12: S | AA12: d1 | AB12: d2 | AC12: Φ(d1) | AD12: Φ(d2) | AE12: c | AI12: P=c1-c2
A13: 14030822 | B13: 16680 | C13: 0.0066165655 | E13: 14030822 | F13: 646.96 | G13: 0.020661473 | J13: 0.00048109207 | K13: 0.00057300398 | Q13: 31320 | R13: =(LN(Q13/R4)+(R5+(R7^2)/2)*R6)/(R7*(R6^0.5)) -> 0.70108206 | S13: =R13-R7*(R6^0.5) -> 0.5298486 | T13: =_xlfn.NORM.S.DIST(R13,TRUE) -> 0.7583741 | U13: =_xlfn.NORM.S.DIST(S13,TRUE) -> 0.70189155 | V13: =Q13*T13-$R$4*EXP(-$R$5*$R$6)*U13 -> 3967.9066 | Z13: 1393 | AA13: =(LN(Z13/AA4)+(AA5+(AA7^2/2))*AA6)/(AA7*(AA6^0.5)) -> 1.0068864 | AB13: =AA13-AA7*(AA6^0.5) -> 0.91187704 | AC13: =_xlfn.NORM.S.DIST(AA13,TRUE) -> 0.84300531 | AD13: =_xlfn.NORM.S.DIST(AB13,TRUE) -> 0.81908328 | AE13: =Z13*AC13-$AA$4*EXP(-$AA$5*$AA$6)*AD13 -> 132.72519 | AI13: =V13-AE13 -> 3835.1814
A14: 14030823 | B14: 16870 | C14: 0.0113265 | E14: 14030823 | F14: 649.83 | G14: 0.0044263214
A15: 14030826 | B15: 17360 | C15: 0.028631813 | E15: 14030826 | F15: 668.81 | G15: 0.028789224 | I15: تولید سناریو | Q15: تولید سناریو | Z15: تولید سناریو | AI15: ارزش پرتفوی با فرض وجود همبستگی
A16: 14030827 | B16: 17740 | C16: 0.021653268 | E16: 14030827 | F16: 675.42 | G16: 0.0098347058 | J16: Vector p | L16: Vector v ( مستقل) | N16: Vector x=vA+μ (همبسته) | AI16: پرتفوی
A17: 14030828 | B17: 18190 | C17: 0.025050016 | E17: 14030828 | F17: 692.68 | G17: 0.025233412 | I17: Scenario # | J17: p1 (uniformly distributed) | K17: p2 (uniformly distributed) | L17: v1=Φ-1(p) | M17: v2=Φ-1(p) | N17: x1=F-1(p)=Φ-1(p).σ1+μ1 | O17: x2=F-1(p)=Φ-1(p).σ2+μ2 | Q17: Scenario # | R17: St+1=St. ex | S17: d1 | T17: d2 | U17: Φ(d1) | V17: Φ(d2) | W17: c | X17: Δc | Z17: Scenario # | AA17: St+1=St. ex | AB17: d1 | AC17: d2 | AD17: Φ(d1) | AE17: Φ(d2) | AF17: c | AG17: Δc | AI17: Scenario # | AJ17: P=c1-c2 | AK17: ΔP=Δc1-Δc2
A18: 14030829 | B18: 18450 | C18: 0.014192378 | E18: 14030829 | F18: 684.91 | G18: -0.011280689 | I18: 1 | J18: =RAND() -> 0.42659771 | K18: =RAND() -> 0.29930615 | L18: =_xlfn.NORM.S.INV(J18) -> -0.18504285 | M18: =_xlfn.NORM.S.INV(K18) -> -0.52639714 | N18: {=mu+MMULT(L18:M18,A)} -> -0.011851927 | O18: -0.0042927406 | Q18: 1 | R18: =$Q$13*EXP(N18) -> 30950.989 | S18: =(LN(R18/$R$4)+($R$5+$R$7^2/2)*$R$6)/($R$7*$R$6^0.5) -> 0.63186704 | T18: =S18-$R$7*$R$6^0.5 -> 0.46063358 | U18: =_xlfn.NORM.S.DIST(S18,TRUE) -> 0.73626312 | V18: =_xlfn.NORM.S.DIST(T18,TRUE) -> 0.67746924 | W18: =R18*U18-$R$4*EXP(-$R$5*$R$6)*V18 -> 3692.0982 | X18: =W18-$V$13 -> -275.80843 | Z18: 1 | AA18: =$Z$13*EXP(O18) -> 1387.033 | AB18: =(LN(AA18/$AA$4)+($AA$5+$AA$7^2/2)*$AA$6)/($AA$7*$AA$6^0.5) -> 0.96170408 | AC18: =AB18-$AA$7*$AA$6^0.5 -> 0.86669474 | AD18: =_xlfn.NORM.S.DIST(AB18,TRUE) -> 0.83190086 | AE18: =_xlfn.NORM.S.DIST(AC18,TRUE) -> 0.80694536 | AF18: =AA18*AD18-$AA$4*EXP(-$AA$5*$AA$6)*AE18 -> 127.72787 | AG18: =AF18-$AE$13 -> -4.9973277 | AI18: 1 | AJ18: =W18-AF18 -> 3564.3703 | AK18: =X18-AG18 -> -270.8111
A19: 14030830 | B19: 18190 | C19: -0.014192378 | E19: 14030830 | F19: 666.8 | G19: -0.026797292 | I19: 2 | J19: =RAND() -> 0.0065011641 | K19: =RAND() -> 0.37679986 | L19: =_xlfn.NORM.S.INV(J19) -> -2.4837055 | M19: =_xlfn.NORM.S.INV(K19) -> -0.3138964 | N19: {=mu+MMULT(L19:M19,A)} -> -0.066858995 | O19: -0.001129595 | Q19: 2 | R19: =$Q$13*EXP(N19) -> 29294.444 | S19: =(LN(R19/$R$4)+($R$5+$R$7^2/2)*$R$6)/($R$7*$R$6^0.5) -> 0.31062685 | T19: =S19-$R$7*$R$6^0.5 -> 0.13939339 | U19: =_xlfn.NORM.S.DIST(S19,TRUE) -> 0.62195784 | V19: =_xlfn.NORM.S.DIST(T19,TRUE) -> 0.55543035 | W19: =R19*U19-$R$4*EXP(-$R$5*$R$6)*V19 -> 2563.8728 | X19: =W19-$V$13 -> -1404.0338 | Z19: 2 | AA19: =$Z$13*EXP(O19) -> 1391.4274 | AB19: =(LN(AA19/$AA$4)+($AA$5+$AA$7^2/2)*$AA$6)/($AA$7*$AA$6^0.5) -> 0.99499708 | AC19: =AB19-$AA$7*$AA$6^0.5 -> 0.89998774 | AD19: =_xlfn.NORM.S.DIST(AB19,TRUE) -> 0.84013116 | AE19: =_xlfn.NORM.S.DIST(AC19,TRUE) -> 0.81593661 | AF19: =AA19*AD19-$AA$4*EXP(-$AA$5*$AA$6)*AE19 -> 131.40171 | AG19: =AF19-$AE$13 -> -1.3234866 | AI19: 2 | AJ19: =W19-AF19 -> 2432.4711 | AK19: =X19-AG19 -> -1402.7104
A20: 14030903 | B20: 18620 | C20: 0.023364279 | E20: 14030903 | F20: 685.49 | G20: 0.02764376 | I20: 3 | J20: =RAND() -> 0.21200788 | K20: =RAND() -> 0.55525095 | L20: =_xlfn.NORM.S.INV(J20) -> -0.79947377 | M20: =_xlfn.NORM.S.INV(K20) -> 0.13893933 | N20: {=mu+MMULT(L20:M20,A)} -> -0.015147383 | O20: 0.0056110186 | Q20: 3 | R20: =$Q$13*EXP(N20) -> 30849.159 | S20: =(LN(R20/$R$4)+($R$5+$R$7^2/2)*$R$6)/($R$7*$R$6^0.5) -> 0.61262164 | T20: =S20-$R$7*$R$6^0.5 -> 0.44138818 | U20: =_xlfn.NORM.S.DIST(S20,TRUE) -> 0.72993673 | V20: =_xlfn.NORM.S.DIST(T20,TRUE) -> 0.670534 | W20: =R20*U20-$R$4*EXP(-$R$5*$R$6)*V20 -> 3617.446 | X20: =W20-$V$13 -> -350.46062 | Z20: 3 | AA20: =$Z$13*EXP(O20) -> 1400.8381 | AB20: =(LN(AA20/$AA$4)+($AA$5+$AA$7^2/2)*$AA$6)/($AA$7*$AA$6^0.5) -> 1.0659439 | AC20: =AB20-$AA$7*$AA$6^0.5 -> 0.97093459 | AD20: =_xlfn.NORM.S.DIST(AB20,TRUE) -> 0.85677551 | AE20: =_xlfn.NORM.S.DIST(AC20,TRUE) -> 0.83420957 | AF20: =AA20*AD20-$AA$4*EXP(-$AA$5*$AA$6)*AE20 -> 139.38734 | AG20: =AF20-$AE$13 -> 6.6621424 | AI20: 3 | AJ20: =W20-AF20 -> 3478.0587 | AK20: =X20-AG20 -> -357.12276
A21: 14030904 | B21: 19120 | C21: 0.026498636 | E21: 14030904 | F21: 705.9 | G21: 0.029339673 | I21: 4 | J21: =RAND() -> 0.6044219 | K21: =RAND() -> 0.40797556 | L21: =_xlfn.NORM.S.INV(J21) -> 0.26480952 | M21: =_xlfn.NORM.S.INV(K21) -> -0.23275568 | N21: {=mu+MMULT(L21:M21,A)} -> 0.0051974042 | O21: 7.8212209e-05 | Q21: 4 | R21: =$Q$13*EXP(N21) -> 31483.206 | S21: =(LN(R21/$R$4)+($R$5+$R$7^2/2)*$R$6)/($R$7*$R$6^0.5) -> 0.73143479 | T21: =S21-$R$7*$R$6^0.5 -> 0.56020134 | U21: =_xlfn.NORM.S.DIST(S21,TRUE) -> 0.76774319 | V21: =_xlfn.NORM.S.DIST(T21,TRUE) -> 0.71232894 | W21: =R21*U21-$R$4*EXP(-$R$5*$R$6)*V21 -> 4092.4462 | X21: =W21-$V$13 -> 124.53953 | Z21: 4 | AA21: =$Z$13*EXP(O21) -> 1393.109 | AB21: =(LN(AA21/$AA$4)+($AA$5+$AA$7^2/2)*$AA$6)/($AA$7*$AA$6^0.5) -> 1.0077096 | AC21: =AB21-$AA$7*$AA$6^0.5 -> 0.91270025 | AD21: =_xlfn.NORM.S.DIST(AB21,TRUE) -> 0.84320305 | AE21: =_xlfn.NORM.S.DIST(AC21,TRUE) -> 0.81929989 | AF21: =AA21*AD21-$AA$4*EXP(-$AA$5*$AA$6)*AE21 -> 132.81705 | AG21: =AF21-$AE$13 -> 0.091859463 | AI21: 4 | AJ21: =W21-AF21 -> 3959.6291 | AK21: =X21-AG21 -> 124.44767
A22: 14030905 | B22: 19690 | C22: 0.029375985 | E22: 14030905 | F22: 726.89 | G22: 0.029301575 | I22: 5 | J22: =RAND() -> 0.21501224 | K22: =RAND() -> 0.17231022 | L22: =_xlfn.NORM.S.INV(J22) -> -0.78914975 | M22: =_xlfn.NORM.S.INV(K22) -> -0.94507529 | N22: {=mu+MMULT(L22:M22,A)} -> -0.0352039 | O22: -0.010524907 | Q22: 5 | R22: =$Q$13*EXP(N22) -> 30236.596 | S22: =(LN(R22/$R$4)+($R$5+$R$7^2/2)*$R$6)/($R$7*$R$6^0.5) -> 0.49549198 | T22: =S22-$R$7*$R$6^0.5 -> 0.32425852 | U22: =_xlfn.NORM.S.DIST(S22,TRUE) -> 0.68987356 | V22: =_xlfn.NORM.S.DIST(T22,TRUE) -> 0.62712884 | W22: =R22*U22-$R$4*EXP(-$R$5*$R$6)*V22 -> 3182.4106 | X22: =W22-$V$13 -> -785.49605 | Z22: 5 | AA22: =$Z$13*EXP(O22) -> 1378.4157 | AB22: =(LN(AA22/$AA$4)+($AA$5+$AA$7^2/2)*$AA$6)/($AA$7*$AA$6^0.5) -> 0.89610878 | AC22: =AB22-$AA$7*$AA$6^0.5 -> 0.80109944 | AD22: =_xlfn.NORM.S.DIST(AB22,TRUE) -> 0.81490267 | AE22: =_xlfn.NORM.S.DIST(AC22,TRUE) -> 0.78846296 | AF22: =AA22*AD22-$AA$4*EXP(-$AA$5*$AA$6)*AE22 -> 120.63151 | AG22: =AF22-$AE$13 -> -12.093681 | AI22: 5 | AJ22: =W22-AF22 -> 3061.7791 | AK22: =X22-AG22 -> -773.40237
A23: 14030906 | B23: 20230 | C23: 0.027055759 | E23: 14030906 | F23: 741.85 | G23: 0.020371907 | I23: 6 | J23: =RAND() -> 0.053548508 | K23: =RAND() -> 0.37976455 | L23: =_xlfn.NORM.S.INV(J23) -> -1.6113796 | M23: =_xlfn.NORM.S.INV(K23) -> -0.30609923 | N23: {=mu+MMULT(L23:M23,A)} -> -0.044326276 | O23: -0.0010135315 | Q23: 6 | R23: =$Q$13*EXP(N23) -> 29962.02 | S23: =(LN(R23/$R$4)+($R$5+$R$7^2/2)*$R$6)/($R$7*$R$6^0.5) -> 0.44221748 | T23: =S23-$R$7*$R$6^0.5 -> 0.27098403 | U23: =_xlfn.NORM.S.DIST(S23,TRUE) -> 0.67083408 | V23: =_xlfn.NORM.S.DIST(T23,TRUE) -> 0.60679834 | W23: =R23*U23-$R$4*EXP(-$R$5*$R$6)*V23 -> 2995.5874 | X23: =W23-$V$13 -> -972.31927 | Z23: 6 | AA23: =$Z$13*EXP(O23) -> 1391.5889 | AB23: =(LN(AA23/$AA$4)+($AA$5+$AA$7^2/2)*$AA$6)/($AA$7*$AA$6^0.5) -> 0.99621868 | AC23: =AB23-$AA$7*$AA$6^0.5 -> 0.90120934 | AD23: =_xlfn.NORM.S.DIST(AB23,TRUE) -> 0.84042805 | AE23: =_xlfn.NORM.S.DIST(AC23,TRUE) -> 0.81626149 | AF23: =AA23*AD23-$AA$4*EXP(-$AA$5*$AA$6)*AE23 -> 131.53741 | AG23: =AF23-$AE$13 -> -1.1877787 | AI23: 6 | AJ23: =W23-AF23 -> 2864.0499 | AK23: =X23-AG23 -> -971.13149
A24: 14030907 | B24: 20670 | C24: 0.021516723 | E24: 14030907 | F24: 754.5 | G24: 0.016908212 | I24: 7 | J24: =RAND() -> 0.7150236 | K24: =RAND() -> 0.7819422 | L24: =_xlfn.NORM.S.INV(J24) -> 0.56812101 | M24: =_xlfn.NORM.S.INV(K24) -> 0.77876936 | N24: {=mu+MMULT(L24:M24,A)} -> 0.031943842 | O24: 0.015135106 | Q24: 7 | R24: =$Q$13*EXP(N24) -> 32336.632 | S24: =(LN(R24/$R$4)+($R$5+$R$7^2/2)*$R$6)/($R$7*$R$6^0.5) -> 0.88763346 | T24: =S24-$R$7*$R$6^0.5 -> 0.7164 | U24: =_xlfn.NORM.S.DIST(S24,TRUE) -> 0.81263103 | V24: =_xlfn.NORM.S.DIST(T24,TRUE) -> 0.7631278 | W24: =R24*U24-$R$4*EXP(-$R$5*$R$6)*V24 -> 4767.3008 | X24: =W24-$V$13 -> 799.39421 | Z24: 7 | AA24: =$Z$13*EXP(O24) -> 1414.2436 | AB24: =(LN(AA24/$AA$4)+($AA$5+$AA$7^2/2)*$AA$6)/($AA$7*$AA$6^0.5) -> 1.1661876 | AC24: =AB24-$AA$7*$AA$6^0.5 -> 1.0711783 | AD24: =_xlfn.NORM.S.DIST(AB24,TRUE) -> 0.8782307 | AE24: =_xlfn.NORM.S.DIST(AC24,TRUE) -> 0.85795536 | AF24: =AA24*AD24-$AA$4*EXP(-$AA$5*$AA$6)*AE24 -> 151.0195 | AG24: =AF24-$AE$13 -> 18.294312 | AI24: 7 | AJ24: =W24-AF24 -> 4616.2813 | AK24: =X24-AG24 -> 781.0999
A25: 14030910 | B25: 20920 | C25: 0.012022266 | E25: 14030910 | F25: 757.09 | G25: 0.0034268585 | I25: 8 | J25: =RAND() -> 0.7392566 | K25: =RAND() -> 0.010881195 | L25: =_xlfn.NORM.S.INV(J25) -> 0.64105524 | M25: =_xlfn.NORM.S.INV(K25) -> -2.2944896 | N25: {=mu+MMULT(L25:M25,A)} -> -0.023797242 | O25: -0.030611397 | Q25: 8 | R25: =$Q$13*EXP(N25) -> 30583.469 | S25: =(LN(R25/$R$4)+($R$5+$R$7^2/2)*$R$6)/($R$7*$R$6^0.5) -> 0.56210663 | T25: =S25-$R$7*$R$6^0.5 -> 0.39087318 | U25: =_xlfn.NORM.S.DIST(S25,TRUE) -> 0.71297832 | V25: =_xlfn.NORM.S.DIST(T25,TRUE) -> 0.65205451 | W25: =R25*U25-$R$4*EXP(-$R$5*$R$6)*V25 -> 3425.7475 | X25: =W25-$V$13 -> -542.15915 | Z25: 8 | AA25: =$Z$13*EXP(O25) -> 1351.0044 | AB25: =(LN(AA25/$AA$4)+($AA$5+$AA$7^2/2)*$AA$6)/($AA$7*$AA$6^0.5) -> 0.68469283 | AC25: =AB25-$AA$7*$AA$6^0.5 -> 0.58968349 | AD25: =_xlfn.NORM.S.DIST(AB25,TRUE) -> 0.75323111 | AE25: =_xlfn.NORM.S.DIST(AC25,TRUE) -> 0.72229857 | AF25: =AA25*AD25-$AA$4*EXP(-$AA$5*$AA$6)*AE25 -> 99.112884 | AG25: =AF25-$AE$13 -> -33.612309 | AI25: 8 | AJ25: =W25-AF25 -> 3326.6346 | AK25: =X25-AG25 -> -508.54684
A26: 14030911 | B26: 20800 | C26: -0.0057526525 | E26: 14030911 | F26: 744.72 | G26: -0.016473828 | I26: 9 | J26: =RAND() -> 0.9678268 | K26: =RAND() -> 0.13326609 | L26: =_xlfn.NORM.S.INV(J26) -> 1.8497721 | M26: =_xlfn.NORM.S.INV(K26) -> -1.111084 | N26: {=mu+MMULT(L26:M26,A)} -> 0.029406819 | O26: -0.012996004 | Q26: 9 | R26: =$Q$13*EXP(N26) -> 32254.697 | S26: =(LN(R26/$R$4)+($R$5+$R$7^2/2)*$R$6)/($R$7*$R$6^0.5) -> 0.8728173 | T26: =S26-$R$7*$R$6^0.5 -> 0.70158384 | U26: =_xlfn.NORM.S.DIST(S26,TRUE) -> 0.80861867 | V26: =_xlfn.NORM.S.DIST(T26,TRUE) -> 0.75853063 | W26: =R26*U26-$R$4*EXP(-$R$5*$R$6)*V26 -> 4700.882 | X26: =W26-$V$13 -> 732.97541 | Z26: 9 | AA26: =$Z$13*EXP(O26) -> 1375.0137 | AB26: =(LN(AA26/$AA$4)+($AA$5+$AA$7^2/2)*$AA$6)/($AA$7*$AA$6^0.5) -> 0.8700998 | AC26: =AB26-$AA$7*$AA$6^0.5 -> 0.77509045 | AD26: =_xlfn.NORM.S.DIST(AB26,TRUE) -> 0.80787707 | AE26: =_xlfn.NORM.S.DIST(AC26,TRUE) -> 0.78085689 | AF26: =AA26*AD26-$AA$4*EXP(-$AA$5*$AA$6)*AE26 -> 117.87112 | AG26: =AF26-$AE$13 -> -14.854074 | AI26: 9 | AJ26: =W26-AF26 -> 4583.0109 | AK26: =X26-AG26 -> 747.82949
A27: 14030912 | B27: 21420 | C27: 0.029372078 | E27: 14030912 | F27: 766.57 | G27: 0.02891771 | I27: 10 | J27: =RAND() -> 0.59670458 | K27: =RAND() -> 0.18428987 | L27: =_xlfn.NORM.S.INV(J27) -> 0.24482642 | M27: =_xlfn.NORM.S.INV(K27) -> -0.89913693 | N27: {=mu+MMULT(L27:M27,A)} -> -0.0078077284 | O27: -0.0098410988 | Q27: 10 | R27: =$Q$13*EXP(N27) -> 31076.414 | S27: =(LN(R27/$R$4)+($R$5+$R$7^2/2)*$R$6)/($R$7*$R$6^0.5) -> 0.65548508 | T27: =S27-$R$7*$R$6^0.5 -> 0.48425162 | U27: =_xlfn.NORM.S.DIST(S27,TRUE) -> 0.74392225 | V27: =_xlfn.NORM.S.DIST(T27,TRUE) -> 0.68589635 | W27: =R27*U27-$R$4*EXP(-$R$5*$R$6)*V27 -> 3784.9262 | X27: =W27-$V$13 -> -182.98046 | Z27: 10 | AA27: =$Z$13*EXP(O27) -> 1379.3586 | AB27: =(LN(AA27/$AA$4)+($AA$5+$AA$7^2/2)*$AA$6)/($AA$7*$AA$6^0.5) -> 0.90330605 | AC27: =AB27-$AA$7*$AA$6^0.5 -> 0.80829671 | AD27: =_xlfn.NORM.S.DIST(AB27,TRUE) -> 0.81681826 | AE27: =_xlfn.NORM.S.DIST(AC27,TRUE) -> 0.7905401 | AF27: =AA27*AD27-$AA$4*EXP(-$AA$5*$AA$6)*AE27 -> 121.40078 | AG27: =AF27-$AE$13 -> -11.324409 | AI27: 10 | AJ27: =W27-AF27 -> 3663.5254 | AK27: =X27-AG27 -> -171.65605
A28: 14030913 | B28: 22050 | C28: 0.028987537 | E28: 14030913 | F28: 787.85 | G28: 0.027381698 | I28: 11 | J28: =RAND() -> 0.31678182 | K28: =RAND() -> 0.021756321 | L28: =_xlfn.NORM.S.INV(J28) -> -0.47671702 | M28: =_xlfn.NORM.S.INV(K28) -> -2.0187555 | N28: {=mu+MMULT(L28:M28,A)} -> -0.047313649 | O28: -0.026507001 | Q28: 11 | R28: =$Q$13*EXP(N28) -> 29872.646 | S28: =(LN(R28/$R$4)+($R$5+$R$7^2/2)*$R$6)/($R$7*$R$6^0.5) -> 0.42477129 | T28: =S28-$R$7*$R$6^0.5 -> 0.25353783 | U28: =_xlfn.NORM.S.DIST(S28,TRUE) -> 0.66449829 | V28: =_xlfn.NORM.S.DIST(T28,TRUE) -> 0.60007368 | W28: =R28*U28-$R$4*EXP(-$R$5*$R$6)*V28 -> 2935.9148 | X28: =W28-$V$13 -> -1031.9919 | Z28: 11 | AA28: =$Z$13*EXP(O28) -> 1356.5608 | AB28: =(LN(AA28/$AA$4)+($AA$5+$AA$7^2/2)*$AA$6)/($AA$7*$AA$6^0.5) -> 0.72789276 | AC28: =AB28-$AA$7*$AA$6^0.5 -> 0.63288342 | AD28: =_xlfn.NORM.S.DIST(AB28,TRUE) -> 0.76666038 | AE28: =_xlfn.NORM.S.DIST(AC28,TRUE) -> 0.73659511 | AF28: =AA28*AD28-$AA$4*EXP(-$AA$5*$AA$6)*AE28 -> 103.3357 | AG28: =AF28-$AE$13 -> -29.389491 | AI28: 11 | AJ28: =W28-AF28 -> 2832.5791 | AK28: =X28-AG28 -> -1002.6024
A29: 14030914 | B29: 22480 | C29: 0.019313423 | E29: 14030914 | F29: 809.13 | G29: 0.02665188 | I29: 12 | J29: =RAND() -> 0.2291499 | K29: =RAND() -> 0.655511 | L29: =_xlfn.NORM.S.INV(J29) -> -0.74164938 | M29: =_xlfn.NORM.S.INV(K29) -> 0.40024238 | N29: {=mu+MMULT(L29:M29,A)} -> -0.0087649195 | O29: 0.0095006032 | Q29: 12 | R29: =$Q$13*EXP(N29) -> 31046.682 | S29: =(LN(R29/$R$4)+($R$5+$R$7^2/2)*$R$6)/($R$7*$R$6^0.5) -> 0.6498951 | T29: =S29-$R$7*$R$6^0.5 -> 0.47866164 | U29: =_xlfn.NORM.S.DIST(S29,TRUE) -> 0.74212001 | V29: =_xlfn.NORM.S.DIST(T29,TRUE) -> 0.68391032 | W29: =R29*U29-$R$4*EXP(-$R$5*$R$6)*V29 -> 3762.8348 | X29: =W29-$V$13 -> -205.07186 | Z29: 12 | AA29: =$Z$13*EXP(O29) -> 1406.2974 | AB29: =(LN(AA29/$AA$4)+($AA$5+$AA$7^2/2)*$AA$6)/($AA$7*$AA$6^0.5) -> 1.1068829 | AC29: =AB29-$AA$7*$AA$6^0.5 -> 1.0118736 | AD29: =_xlfn.NORM.S.DIST(AB29,TRUE) -> 0.86582772 | AE29: =_xlfn.NORM.S.DIST(AC29,TRUE) -> 0.84420074 | AF29: =AA29*AD29-$AA$4*EXP(-$AA$5*$AA$6)*AE29 -> 144.08963 | AG29: =AF29-$AE$13 -> 11.364436 | AI29: 12 | AJ29: =W29-AF29 -> 3618.7451 | AK29: =X29-AG29 -> -216.4363
... A252: 14040924 | B252: 31320 | C252: 0.031130919 | E252: 14040924 | F252: 1393 | G252: 0.02839652 | I252: 235 | J252: =RAND() -> 0.29664647 | K252: =RAND() -> 0.79292272 | L252: =_xlfn.NORM.S.INV(J252) -> -0.53407024 | M252: =_xlfn.NORM.S.INV(K252) -> 0.81660437 | N252: {=mu+MMULT(L252:M252,A)} -> 0.004367519 | O252: 0.015698293 | Q252: 235 | R252: =$Q$13*EXP(N252) -> 31457.09 | S252: =(LN(R252/$R$4)+($R$5+$R$7^2/2)*$R$6)/($R$7*$R$6^0.5) -> 0.72658828 | T252: =S252-$R$7*$R$6^0.5 -> 0.55535482 | U252: =_xlfn.NORM.S.DIST(S252,TRUE) -> 0.7662609 | V252: =_xlfn.NORM.S.DIST(T252,TRUE) -> 0.71067401 | W252: =R252*U252-$R$4*EXP(-$R$5*$R$6)*V252 -> 4072.4147 | X252: =W252-$V$13 -> 104.50802 | Z252: 235 | AA252: =$Z$13*EXP(O252) -> 1415.0403 | AB252: =(LN(AA252/$AA$4)+($AA$5+$AA$7^2/2)*$AA$6)/($AA$7*$AA$6^0.5) -> 1.1721153 | AC252: =AB252-$AA$7*$AA$6^0.5 -> 1.077106 | AD252: =_xlfn.NORM.S.DIST(AB252,TRUE) -> 0.87942462 | AE252: =_xlfn.NORM.S.DIST(AC252,TRUE) -> 0.85928354 | AF252: =AA252*AD252-$AA$4*EXP(-$AA$5*$AA$6)*AE252 -> 151.71967 | AG252: =AF252-$AE$13 -> 18.994481 | AI252: 235 | AJ252: =W252-AF252 -> 3920.695 | AK252: =X252-AG252 -> 85.513543
I253: 236 | J253: =RAND() -> 0.12330342 | K253: =RAND() -> 0.99202808 | L253: =_xlfn.NORM.S.INV(J253) -> -1.1586305 | M253: =_xlfn.NORM.S.INV(K253) -> 2.4101985 | N253: {=mu+MMULT(L253:M253,A)} -> 0.018213681 | O253: 0.039419482 | Q253: 236 | R253: =$Q$13*EXP(N253) -> 31895.679 | S253: =(LN(R253/$R$4)+($R$5+$R$7^2/2)*$R$6)/($R$7*$R$6^0.5) -> 0.80744959 | T253: =S253-$R$7*$R$6^0.5 -> 0.63621613 | U253: =_xlfn.NORM.S.DIST(S253,TRUE) -> 0.79029625 | V253: =_xlfn.NORM.S.DIST(T253,TRUE) -> 0.73768222 | W253: =R253*U253-$R$4*EXP(-$R$5*$R$6)*V253 -> 4413.826 | X253: =W253-$V$13 -> 445.91935 | Z253: 236 | AA253: =$Z$13*EXP(O253) -> 1449.008 | AB253: =(LN(AA253/$AA$4)+($AA$5+$AA$7^2/2)*$AA$6)/($AA$7*$AA$6^0.5) -> 1.4217875 | AC253: =AB253-$AA$7*$AA$6^0.5 -> 1.3267782 | AD253: =_xlfn.NORM.S.DIST(AB253,TRUE) -> 0.92245603 | AE253: =_xlfn.NORM.S.DIST(AC253,TRUE) -> 0.90770896 | AF253: =AA253*AD253-$AA$4*EXP(-$AA$5*$AA$6)*AE253 -> 182.36474 | AG253: =AF253-$AE$13 -> 49.639552 | AI253: 236 | AJ253: =W253-AF253 -> 4231.4612 | AK253: =X253-AG253 -> 396.2798
I254: 237 | J254: =RAND() -> 0.029591381 | K254: =RAND() -> 0.5755602 | L254: =_xlfn.NORM.S.INV(J254) -> -1.8868332 | M254: =_xlfn.NORM.S.INV(K254) -> 0.19054816 | N254: {=mu+MMULT(L254:M254,A)} -> -0.042084866 | O254: 0.0063792336 | Q254: 237 | R254: =$Q$13*EXP(N254) -> 30029.253 | S254: =(LN(R254/$R$4)+($R$5+$R$7^2/2)*$R$6)/($R$7*$R$6^0.5) -> 0.45530727 | T254: =S254-$R$7*$R$6^0.5 -> 0.28407381 | U254: =_xlfn.NORM.S.DIST(S254,TRUE) -> 0.6755559 | V254: =_xlfn.NORM.S.DIST(T254,TRUE) -> 0.61182309 | W254: =R254*U254-$R$4*EXP(-$R$5*$R$6)*V254 -> 3040.8482 | X254: =W254-$V$13 -> -927.05848 | Z254: 237 | AA254: =$Z$13*EXP(O254) -> 1401.9147 | AB254: =(LN(AA254/$AA$4)+($AA$5+$AA$7^2/2)*$AA$6)/($AA$7*$AA$6^0.5) -> 1.0740296 | AC254: =AB254-$AA$7*$AA$6^0.5 -> 0.97902027 | AD254: =_xlfn.NORM.S.DIST(AB254,TRUE) -> 0.85859529 | AE254: =_xlfn.NORM.S.DIST(AC254,TRUE) -> 0.83621502 | AF254: =AA254*AD254-$AA$4*EXP(-$AA$5*$AA$6)*AE254 -> 140.31069 | AG254: =AF254-$AE$13 -> 7.5854923 | AI254: 237 | AJ254: =W254-AF254 -> 2900.5375 | AK254: =X254-AG254 -> -934.64397
I255: 238 | J255: =RAND() -> 0.62706968 | K255: =RAND() -> 0.82289461 | L255: =_xlfn.NORM.S.INV(J255) -> 0.32410223 | M255: =_xlfn.NORM.S.INV(K255) -> 0.92645268 | N255: {=mu+MMULT(L255:M255,A)} -> 0.028450117 | O255: 0.017333422 | Q255: 238 | R255: =$Q$13*EXP(N255) -> 32223.854 | S255: =(LN(R255/$R$4)+($R$5+$R$7^2/2)*$R$6)/($R$7*$R$6^0.5) -> 0.86723018 | T255: =S255-$R$7*$R$6^0.5 -> 0.69599672 | U255: =_xlfn.NORM.S.DIST(S255,TRUE) -> 0.80709205 | V255: =_xlfn.NORM.S.DIST(T255,TRUE) -> 0.75678456 | W255: =R255*U255-$R$4*EXP(-$R$5*$R$6)*V255 -> 4675.965 | X255: =W255-$V$13 -> 708.0584 | Z255: 238 | AA255: =$Z$13*EXP(O255) -> 1417.3559 | AB255: =(LN(AA255/$AA$4)+($AA$5+$AA$7^2/2)*$AA$6)/($AA$7*$AA$6^0.5) -> 1.1893255 | AC255: =AB255-$AA$7*$AA$6^0.5 -> 1.0943162 | AD255: =_xlfn.NORM.S.DIST(AB255,TRUE) -> 0.8828442 | AE255: =_xlfn.NORM.S.DIST(AC255,TRUE) -> 0.86309183 | AF255: =AA255*AD255-$AA$4*EXP(-$AA$5*$AA$6)*AE255 -> 153.7601 | AG255: =AF255-$AE$13 -> 21.034909 | AI255: 238 | AJ255: =W255-AF255 -> 4522.2049 | AK255: =X255-AG255 -> 687.02349
I256: 239 | J256: =RAND() -> 0.6352133 | K256: =RAND() -> 0.26008393 | L256: =_xlfn.NORM.S.INV(J256) -> 0.34569305 | M256: =_xlfn.NORM.S.INV(K256) -> -0.64308669 | N256: {=mu+MMULT(L256:M256,A)} -> -0.0004191405 | O256: -0.0060297041 | Q256: 239 | R256: =$Q$13*EXP(N256) -> 31306.875 | S256: =(LN(R256/$R$4)+($R$5+$R$7^2/2)*$R$6)/($R$7*$R$6^0.5) -> 0.69863428 | T256: =S256-$R$7*$R$6^0.5 -> 0.52740083 | U256: =_xlfn.NORM.S.DIST(S256,TRUE) -> 0.75760969 | V256: =_xlfn.NORM.S.DIST(T256,TRUE) -> 0.70104236 | W256: =R256*U256-$R$4*EXP(-$R$5*$R$6)*V256 -> 3957.9582 | X256: =W256-$V$13 -> -9.9484405 | Z256: 239 | AA256: =$Z$13*EXP(O256) -> 1384.6259 | AB256: =(LN(AA256/$AA$4)+($AA$5+$AA$7^2/2)*$AA$6)/($AA$7*$AA$6^0.5) -> 0.94342205 | AC256: =AB256-$AA$7*$AA$6^0.5 -> 0.84841271 | AD256: =_xlfn.NORM.S.DIST(AB256,TRUE) -> 0.82726747 | AE256: =_xlfn.NORM.S.DIST(AC256,TRUE) -> 0.80189592 | AF256: =AA256*AD256-$AA$4*EXP(-$AA$5*$AA$6)*AE256 -> 125.73093 | AG256: =AF256-$AE$13 -> -6.9942662 | AI256: 239 | AJ256: =W256-AF256 -> 3832.2273 | AK256: =X256-AG256 -> -2.9541743
I257: 240 | J257: =RAND() -> 0.49646602 | K257: =RAND() -> 0.1324032 | L257: =_xlfn.NORM.S.INV(J257) -> -0.0088584969 | M257: =_xlfn.NORM.S.INV(K257) -> -1.1151027 | N257: {=mu+MMULT(L257:M257,A)} -> -0.018366658 | O257: -0.013055823 | Q257: 240 | R257: =$Q$13*EXP(N257) -> 30750.007 | S257: =(LN(R257/$R$4)+($R$5+$R$7^2/2)*$R$6)/($R$7*$R$6^0.5) -> 0.59382114 | T257: =S257-$R$7*$R$6^0.5 -> 0.42258768 | U257: =_xlfn.NORM.S.DIST(S257,TRUE) -> 0.72368413 | V257: =_xlfn.NORM.S.DIST(T257,TRUE) -> 0.66370194 | W257: =R257*U257-$R$4*EXP(-$R$5*$R$6)*V257 -> 3545.3804 | X257: =W257-$V$13 -> -422.52625 | Z257: 240 | AA257: =$Z$13*EXP(O257) -> 1374.9314 | AB257: =(LN(AA257/$AA$4)+($AA$5+$AA$7^2/2)*$AA$6)/($AA$7*$AA$6^0.5) -> 0.86947018 | AC257: =AB257-$AA$7*$AA$6^0.5 -> 0.77446084 | AD257: =_xlfn.NORM.S.DIST(AB257,TRUE) -> 0.80770499 | AE257: =_xlfn.NORM.S.DIST(AC257,TRUE) -> 0.78067084 | AF257: =AA257*AD257-$AA$4*EXP(-$AA$5*$AA$6)*AE257 -> 117.80468 | AG257: =AF257-$AE$13 -> -14.920515 | AI257: 240 | AJ257: =W257-AF257 -> 3427.5757 | AK257: =X257-AG257 -> -407.60573
I258: 241 | J258: =RAND() -> 0.25253714 | K258: =RAND() -> 0.80659066 | L258: =_xlfn.NORM.S.INV(J258) -> -0.66652704 | M258: =_xlfn.NORM.S.INV(K258) -> 0.86540108 | N258: {=mu+MMULT(L258:M258,A)} -> 0.0018830395 | O258: 0.016424648 | Q258: 241 | R258: =$Q$13*EXP(N258) -> 31379.032 | S258: =(LN(R258/$R$4)+($R$5+$R$7^2/2)*$R$6)/($R$7*$R$6^0.5) -> 0.71207897 | T258: =S258-$R$7*$R$6^0.5 -> 0.54084551 | U258: =_xlfn.NORM.S.DIST(S258,TRUE) -> 0.76179206 | V258: =_xlfn.NORM.S.DIST(T258,TRUE) -> 0.70569296 | W258: =R258*U258-$R$4*EXP(-$R$5*$R$6)*V258 -> 4012.7763 | X258: =W258-$V$13 -> 44.869659 | Z258: 241 | AA258: =$Z$13*EXP(O258) -> 1416.0685 | AB258: =(LN(AA258/$AA$4)+($AA$5+$AA$7^2/2)*$AA$6)/($AA$7*$AA$6^0.5) -> 1.1797604 | AC258: =AB258-$AA$7*$AA$6^0.5 -> 1.0847511 | AD258: =_xlfn.NORM.S.DIST(AB258,TRUE) -> 0.88095224 | AE258: =_xlfn.NORM.S.DIST(AC258,TRUE) -> 0.86098404 | AF258: =AA258*AD258-$AA$4*EXP(-$AA$5*$AA$6)*AE258 -> 152.62468 | AG258: =AF258-$AE$13 -> 19.899489 | AI258: 241 | AJ258: =W258-AF258 -> 3860.1516 | AK258: =X258-AG258 -> 24.97017
I259: 242 | J259: =RAND() -> 0.75159139 | K259: =RAND() -> 0.14962945 | L259: =_xlfn.NORM.S.INV(J259) -> 0.67950614 | M259: =_xlfn.NORM.S.INV(K259) -> -1.0380239 | N259: {=mu+MMULT(L259:M259,A)} -> 0.0007438385 | O259: -0.011908479 | Q259: 242 | R259: =$Q$13*EXP(N259) -> 31343.306 | S259: =(LN(R259/$R$4)+($R$5+$R$7^2/2)*$R$6)/($R$7*$R$6^0.5) -> 0.70542606 | T259: =S259-$R$7*$R$6^0.5 -> 0.5341926 | U259: =_xlfn.NORM.S.DIST(S259,TRUE) -> 0.75972743 | V259: =_xlfn.NORM.S.DIST(T259,TRUE) -> 0.70339586 | W259: =R259*U259-$R$4*EXP(-$R$5*$R$6)*V259 -> 3985.5968 | X259: =W259-$V$13 -> 17.690211 | Z259: 242 | AA259: =$Z$13*EXP(O259) -> 1376.5099 | AB259: =(LN(AA259/$AA$4)+($AA$5+$AA$7^2/2)*$AA$6)/($AA$7*$AA$6^0.5) -> 0.88154629 | AC259: =AB259-$AA$7*$AA$6^0.5 -> 0.78653695 | AD259: =_xlfn.NORM.S.DIST(AB259,TRUE) -> 0.8109889 | AE259: =_xlfn.NORM.S.DIST(AC259,TRUE) -> 0.78422351 | AF259: =AA259*AD259-$AA$4*EXP(-$AA$5*$AA$6)*AE259 -> 119.08218 | AG259: =AF259-$AE$13 -> -13.643017 | AI259: 242 | AJ259: =W259-AF259 -> 3866.5147 | AK259: =X259-AG259 -> 31.333228
I260: 243 | J260: =RAND() -> 0.31028644 | K260: =RAND() -> 0.48325036 | L260: =_xlfn.NORM.S.INV(J260) -> -0.49503858 | M260: =_xlfn.NORM.S.INV(K260) -> -0.041997455 | N260: {=mu+MMULT(L260:M260,A)} -> -0.010726574 | O260: 0.0029177131 | Q260: 243 | R260: =$Q$13*EXP(N260) -> 30985.839 | S260: =(LN(R260/$R$4)+($R$5+$R$7^2/2)*$R$6)/($R$7*$R$6^0.5) -> 0.63843907 | T260: =S260-$R$7*$R$6^0.5 -> 0.46720562 | U260: =_xlfn.NORM.S.DIST(S260,TRUE) -> 0.73840605 | V260: =_xlfn.NORM.S.DIST(T260,TRUE) -> 0.67982361 | W260: =R260*U260-$R$4*EXP(-$R$5*$R$6)*V260 -> 3717.7946 | X260: =W260-$V$13 -> -250.112 | Z260: 243 | AA260: =$Z$13*EXP(O260) -> 1397.0703 | AB260: =(LN(AA260/$AA$4)+($AA$5+$AA$7^2/2)*$AA$6)/($AA$7*$AA$6^0.5) -> 1.0375961 | AC260: =AB260-$AA$7*$AA$6^0.5 -> 0.94258679 | AD260: =_xlfn.NORM.S.DIST(AB260,TRUE) -> 0.85027094 | AE260: =_xlfn.NORM.S.DIST(AC260,TRUE) -> 0.82705385 | AF260: =AA260*AD260-$AA$4*EXP(-$AA$5*$AA$6)*AE260 -> 136.17136 | AG260: =AF260-$AE$13 -> 3.4461638 | AI260: 243 | AJ260: =W260-AF260 -> 3581.6233 | AK260: =X260-AG260 -> -253.55816
I261: 244 | J261: =RAND() -> 0.96466154 | K261: =RAND() -> 0.65301062 | L261: =_xlfn.NORM.S.INV(J261) -> 1.8075477 | M261: =_xlfn.NORM.S.INV(K261) -> 0.39346136 | N261: {=mu+MMULT(L261:M261,A)} -> 0.056528148 | O261: 0.0093996654 | Q261: 244 | R261: =$Q$13*EXP(N261) -> 33141.458 | S261: =(LN(R261/$R$4)+($R$5+$R$7^2/2)*$R$6)/($R$7*$R$6^0.5) -> 1.0312053 | T261: =S261-$R$7*$R$6^0.5 -> 0.85997186 | U261: =_xlfn.NORM.S.DIST(S261,TRUE) -> 0.84877773 | V261: =_xlfn.NORM.S.DIST(T261,TRUE) -> 0.80509772 | W261: =R261*U261-$R$4*EXP(-$R$5*$R$6)*V261 -> 5436.2667 | X261: =W261-$V$13 -> 1468.3601 | Z261: 244 | AA261: =$Z$13*EXP(O261) -> 1406.1555 | AB261: =(LN(AA261/$AA$4)+($AA$5+$AA$7^2/2)*$AA$6)/($AA$7*$AA$6^0.5) -> 1.1058205 | AC261: =AB261-$AA$7*$AA$6^0.5 -> 1.0108112 | AD261: =_xlfn.NORM.S.DIST(AB261,TRUE) -> 0.86559789 | AE261: =_xlfn.NORM.S.DIST(AC261,TRUE) -> 0.84394659 | AF261: =AA261*AD261-$AA$4*EXP(-$AA$5*$AA$6)*AE261 -> 143.96675 | AG261: =AF261-$AE$13 -> 11.241555 | AI261: 244 | AJ261: =W261-AF261 -> 5292.2999 | AK261: =X261-AG261 -> 1457.1185
I262: 245 | J262: =RAND() -> 0.16973127 | K262: =RAND() -> 0.95007681 | L262: =_xlfn.NORM.S.INV(J262) -> -0.95522776 | M262: =_xlfn.NORM.S.INV(K262) -> 1.6455989 | N262: {=mu+MMULT(L262:M262,A)} -> 0.0091000615 | O262: 0.028038157 | Q262: 245 | R262: =$Q$13*EXP(N262) -> 31606.315 | S262: =(LN(R262/$R$4)+($R$5+$R$7^2/2)*$R$6)/($R$7*$R$6^0.5) -> 0.75422623 | T262: =S262-$R$7*$R$6^0.5 -> 0.58299278 | U262: =_xlfn.NORM.S.DIST(S262,TRUE) -> 0.77464331 | V262: =_xlfn.NORM.S.DIST(T262,TRUE) -> 0.72005092 | W262: =R262*U262-$R$4*EXP(-$R$5*$R$6)*V262 -> 4187.3879 | X262: =W262-$V$13 -> 219.48124 | Z262: 245 | AA262: =$Z$13*EXP(O262) -> 1432.6099 | AB262: =(LN(AA262/$AA$4)+($AA$5+$AA$7^2/2)*$AA$6)/($AA$7*$AA$6^0.5) -> 1.3019959 | AC262: =AB262-$AA$7*$AA$6^0.5 -> 1.2069865 | AD262: =_xlfn.NORM.S.DIST(AB262,TRUE) -> 0.9035411 | AE262: =_xlfn.NORM.S.DIST(AC262,TRUE) -> 0.88628133 | AF262: =AA262*AD262-$AA$4*EXP(-$AA$5*$AA$6)*AE262 -> 167.38876 | AG262: =AF262-$AE$13 -> 34.663568 | AI262: 245 | AJ262: =W262-AF262 -> 4019.9991 | AK262: =X262-AG262 -> 184.81768
I263: 246 | J263: =RAND() -> 0.16993032 | K263: =RAND() -> 0.84740103 | L263: =_xlfn.NORM.S.INV(J263) -> -0.95444066 | M263: =_xlfn.NORM.S.INV(K263) -> 1.0253503 | N263: {=mu+MMULT(L263:M263,A)} -> -0.0025072188 | O263: 0.018805547 | Q263: 246 | R263: =$Q$13*EXP(N263) -> 31241.572 | S263: =(LN(R263/$R$4)+($R$5+$R$7^2/2)*$R$6)/($R$7*$R$6^0.5) -> 0.68643995 | T263: =S263-$R$7*$R$6^0.5 -> 0.51520649 | U263: =_xlfn.NORM.S.DIST(S263,TRUE) -> 0.75378214 | V263: =_xlfn.NORM.S.DIST(T263,TRUE) -> 0.69679563 | W263: =R263*U263-$R$4*EXP(-$R$5*$R$6)*V263 -> 3908.6088 | X263: =W263-$V$13 -> -59.297874 | Z263: 246 | AA263: =$Z$13*EXP(O263) -> 1419.444 | AB263: =(LN(AA263/$AA$4)+($AA$5+$AA$7^2/2)*$AA$6)/($AA$7*$AA$6^0.5) -> 1.20482 | AC263: =AB263-$AA$7*$AA$6^0.5 -> 1.1098107 | AD263: =_xlfn.NORM.S.DIST(AB263,TRUE) -> 0.88586361 | AE263: =_xlfn.NORM.S.DIST(AC263,TRUE) -> 0.8664597 | AF263: =AA263*AD263-$AA$4*EXP(-$AA$5*$AA$6)*AE263 -> 155.6067 | AG263: =AF263-$AE$13 -> 22.881505 | AI263: 246 | AJ263: =W263-AF263 -> 3753.0021 | AK263: =X263-AG263 -> -82.179379
I264: 247 | J264: =RAND() -> 0.17305872 | K264: =RAND() -> 0.25751505 | L264: =_xlfn.NORM.S.INV(J264) -> -0.9421469 | M264: =_xlfn.NORM.S.INV(K264) -> -0.65102539 | N264: {=mu+MMULT(L264:M264,A)} -> -0.033617873 | O264: -0.0061478744 | Q264: 247 | R264: =$Q$13*EXP(N264) -> 30284.59 | S264: =(LN(R264/$R$4)+($R$5+$R$7^2/2)*$R$6)/($R$7*$R$6^0.5) -> 0.50475435 | T264: =S264-$R$7*$R$6^0.5 -> 0.33352089 | U264: =_xlfn.NORM.S.DIST(S264,TRUE) -> 0.69313431 | V264: =_xlfn.NORM.S.DIST(T264,TRUE) -> 0.63062944 | W264: =R264*U264-$R$4*EXP(-$R$5*$R$6)*V264 -> 3215.5988 | X264: =W264-$V$13 -> -752.30786 | Z264: 247 | AA264: =$Z$13*EXP(O264) -> 1384.4623 | AB264: =(LN(AA264/$AA$4)+($AA$5+$AA$7^2/2)*$AA$6)/($AA$7*$AA$6^0.5) -> 0.94217828 | AC264: =AB264-$AA$7*$AA$6^0.5 -> 0.84716894 | AD264: =_xlfn.NORM.S.DIST(AB264,TRUE) -> 0.82694931 | AE264: =_xlfn.NORM.S.DIST(AC264,TRUE) -> 0.80154952 | AF264: =AA264*AD264-$AA$4*EXP(-$AA$5*$AA$6)*AE264 -> 125.5956 | AG264: =AF264-$AE$13 -> -7.129591 | AI264: 247 | AJ264: =W264-AF264 -> 3090.0032 | AK264: =X264-AG264 -> -745.17827
... I1017: 1000 | J1017: =RAND() -> 0.77005585 | K1017: =RAND() -> 0.75656368 | L1017: =_xlfn.NORM.S.INV(J1017) -> 0.73903078 | M1017: =_xlfn.NORM.S.INV(K1017) -> 0.69529151 | N1017: {=mu+MMULT(L1017:M1017,A)} -> 0.034764993 | O1017: 0.01389251 | Q1017: 1000 | R1017: =$Q$13*EXP(N1017) -> 32427.988 | S1017: =(LN(R1017/$R$4)+($R$5+$R$7^2/2)*$R$6)/($R$7*$R$6^0.5) -> 0.90410892 | T1017: =S1017-$R$7*$R$6^0.5 -> 0.73287547 | U1017: =_xlfn.NORM.S.DIST(S1017,TRUE) -> 0.81703118 | V1017: =_xlfn.NORM.S.DIST(T1017,TRUE) -> 0.76818281 | W1017: =R1017*U1017-$R$4*EXP(-$R$5*$R$6)*V1017 -> 4841.7406 | X1017: =W1017-$V$13 -> 873.83396 | Z1017: 1000 | AA1017: =$Z$13*EXP(O1017) -> 1412.4873 | AB1017: =(LN(AA1017/$AA$4)+($AA$5+$AA$7^2/2)*$AA$6)/($AA$7*$AA$6^0.5) -> 1.1531089 | AC1017: =AB1017-$AA$7*$AA$6^0.5 -> 1.0580996 | AD1017: =_xlfn.NORM.S.DIST(AB1017,TRUE) -> 0.87556717 | AE1017: =_xlfn.NORM.S.DIST(AC1017,TRUE) -> 0.85499498 | AF1017: =AA1017*AD1017-$AA$4*EXP(-$AA$5*$AA$6)*AE1017 -> 149.47945 | AG1017: =AF1017-$AE$13 -> 16.754259 | AI1017: 1000 | AJ1017: =W1017-AF1017 -> 4692.2611 | AK1017: =X1017-AG1017 -> 857.0797

Sheet Sheet1
